fraud_date,category,amount
2020-06-21,entertainment,13484.4
2020-06-21,food_dining,10583.24
2020-06-21,grocery_pos,371.34000000000003
2020-06-21,health_fitness,12060.5
2020-06-21,home,19508.75
2020-06-21,kids_pets,16225.9
2020-06-21,misc_net,2215.9500000000003
2020-06-21,misc_pos,4129.08
2020-06-21,personal_care,10640.98
2020-06-21,shopping_net,18653.04
2020-06-21,shopping_pos,16646.65
2020-06-21,travel,9227.98
2020-06-22,entertainment,18310.69
2020-06-22,food_dining,15989.75
2020-06-22,gas_transport,26605.38
2020-06-22,grocery_net,8619.91
2020-06-22,grocery_pos,40017.63
2020-06-22,health_fitness,15340.34
2020-06-22,home,17907.93
2020-06-22,kids_pets,19339.19
2020-06-22,misc_net,18555.54
2020-06-22,misc_pos,20093.98
2020-06-22,personal_care,14245.7
2020-06-22,shopping_net,19931.43
2020-06-22,shopping_pos,29479.88
2020-06-22,travel,8680.78
2020-06-23,entertainment,15976.83
2020-06-23,food_dining,14246.85
2020-06-23,gas_transport,23340.67
2020-06-23,grocery_net,7402.92
2020-06-23,grocery_pos,40613.39
2020-06-23,health_fitness,13122.85
2020-06-23,home,23504.46
2020-06-23,kids_pets,22189.39
2020-06-23,misc_net,14932.96
2020-06-23,misc_pos,15033.37
2020-06-23,personal_care,12642.93
2020-06-23,shopping_net,28857.920000000002
2020-06-23,shopping_pos,24447.98
2020-06-23,travel,4933.67
2020-06-24,entertainment,8134.17
2020-06-24,food_dining,5325.79
2020-06-24,gas_transport,10316.33
2020-06-24,grocery_net,2853.94
2020-06-24,grocery_pos,20211.15
2020-06-24,health_fitness,6392.1
2020-06-24,home,10656.52
2020-06-24,kids_pets,8443.69
2020-06-24,misc_net,8758.12
2020-06-24,misc_pos,7231.95
2020-06-24,personal_care,4929.05
2020-06-24,shopping_net,10957.73
2020-06-24,shopping_pos,12449.8
2020-06-24,travel,4587.43
2020-06-25,entertainment,8603.79
2020-06-25,food_dining,7075.17
2020-06-25,gas_transport,13142.34
2020-06-25,grocery_net,4013.51
2020-06-25,grocery_pos,26652.18
2020-06-25,health_fitness,7279.54
2020-06-25,home,11392.72
2020-06-25,kids_pets,12065.31
2020-06-25,misc_net,8314.130000000001
2020-06-25,misc_pos,5154.29
2020-06-25,personal_care,7606.09
2020-06-25,shopping_net,14388.720000000001
2020-06-25,shopping_pos,9071.53
2020-06-25,travel,12311.55
2020-06-26,entertainment,11161.04
2020-06-26,food_dining,7279.7
2020-06-26,gas_transport,15820.86
2020-06-26,grocery_net,5325.43
2020-06-26,grocery_pos,25556.68
2020-06-26,health_fitness,7527.9800000000005
2020-06-26,home,12171.73
2020-06-26,kids_pets,11306.83
2020-06-26,misc_net,7031.08
2020-06-26,misc_pos,11004.54
2020-06-26,personal_care,9240.21
2020-06-26,shopping_net,20444.58
2020-06-26,shopping_pos,18973.65
2020-06-26,travel,6882.5199999999995
2020-06-27,entertainment,12691.89
2020-06-27,food_dining,8913.96
2020-06-27,gas_transport,13419.36
2020-06-27,grocery_net,5145.32
2020-06-27,grocery_pos,27426.46
2020-06-27,health_fitness,9735.01
2020-06-27,home,11797.73
2020-06-27,kids_pets,12181.69
2020-06-27,misc_net,11591.01
2020-06-27,misc_pos,10329.01
2020-06-27,personal_care,6959.37
2020-06-27,shopping_net,19851.49
2020-06-27,shopping_pos,16582.78
2020-06-27,travel,7065.66
2020-06-28,entertainment,14716.27
2020-06-28,food_dining,14275.21
2020-06-28,gas_transport,21347.76
2020-06-28,grocery_net,6110.69
2020-06-28,grocery_pos,36020.8
2020-06-28,health_fitness,9855.28
2020-06-28,home,20024.24
2020-06-28,kids_pets,20808.65
2020-06-28,misc_net,11751.119999999999
2020-06-28,misc_pos,15637.86
2020-06-28,personal_care,11766.98
2020-06-28,shopping_net,23605.29
2020-06-28,shopping_pos,25047.29
2020-06-28,travel,6170.51
2020-06-29,entertainment,17552.4
2020-06-29,food_dining,14796.539999999999
2020-06-29,gas_transport,27655.3
2020-06-29,grocery_net,9007.87
2020-06-29,grocery_pos,46573.11
2020-06-29,health_fitness,13703.6
2020-06-29,home,21127.0
2020-06-29,kids_pets,19627.29
2020-06-29,misc_net,14587.67
2020-06-29,misc_pos,20281.09
2020-06-29,personal_care,15357.68
2020-06-29,shopping_net,27055.52
2020-06-29,shopping_pos,32991.18
2020-06-29,travel,11003.15
2020-06-30,entertainment,19982.69
2020-06-30,food_dining,15279.61
2020-06-30,gas_transport,25412.35
2020-06-30,grocery_net,6601.4
2020-06-30,grocery_pos,42092.49
2020-06-30,health_fitness,15889.08
2020-06-30,home,18584.16
2020-06-30,kids_pets,21524.58
2020-06-30,misc_net,14065.65
2020-06-30,misc_pos,14695.1
2020-06-30,personal_care,12622.87
2020-06-30,shopping_net,28752.28
2020-06-30,shopping_pos,26759.16
2020-06-30,travel,8971.24
2020-07-01,entertainment,9510.95
2020-07-01,food_dining,6549.79
2020-07-01,gas_transport,12206.27
2020-07-01,grocery_net,2923.48
2020-07-01,grocery_pos,19360.62
2020-07-01,health_fitness,6567.35
2020-07-01,home,10069.88
2020-07-01,kids_pets,9190.89
2020-07-01,misc_net,3513.68
2020-07-01,misc_pos,4150.45
2020-07-01,personal_care,6213.7699999999995
2020-07-01,shopping_net,9210.39
2020-07-01,shopping_pos,15410.1
2020-07-01,travel,5749.5
2020-07-02,entertainment,8521.79
2020-07-02,food_dining,7698.4800000000005
2020-07-02,gas_transport,14547.22
2020-07-02,grocery_net,2847.77
2020-07-02,grocery_pos,20038.66
2020-07-02,health_fitness,7879.06
2020-07-02,home,12556.99
2020-07-02,kids_pets,11092.11
2020-07-02,misc_net,7230.0
2020-07-02,misc_pos,5009.29
2020-07-02,personal_care,6979.1
2020-07-02,shopping_net,11805.57
2020-07-02,shopping_pos,12583.17
2020-07-02,travel,8184.56
2020-07-03,entertainment,10573.56
2020-07-03,food_dining,8841.05
2020-07-03,gas_transport,15787.74
2020-07-03,grocery_net,4053.68
2020-07-03,grocery_pos,25969.76
2020-07-03,health_fitness,8444.31
2020-07-03,home,12345.03
2020-07-03,kids_pets,10831.67
2020-07-03,misc_net,11438.5
2020-07-03,misc_pos,8993.11
2020-07-03,personal_care,8487.99
2020-07-03,shopping_net,18689.69
2020-07-03,shopping_pos,16665.28
2020-07-03,travel,23538.93
2020-07-04,entertainment,8616.23
2020-07-04,food_dining,7550.85
2020-07-04,gas_transport,15953.55
2020-07-04,grocery_net,5408.14
2020-07-04,grocery_pos,26144.11
2020-07-04,health_fitness,9117.56
2020-07-04,home,12730.07
2020-07-04,kids_pets,9457.02
2020-07-04,misc_net,12356.92
2020-07-04,misc_pos,7081.85
2020-07-04,personal_care,7537.54
2020-07-04,shopping_net,15189.880000000001
2020-07-04,shopping_pos,14008.5
2020-07-04,travel,8056.37
2020-07-05,entertainment,16034.95
2020-07-05,food_dining,14946.2
2020-07-05,gas_transport,24267.87
2020-07-05,grocery_net,6273.37
2020-07-05,grocery_pos,39530.82
2020-07-05,health_fitness,13593.96
2020-07-05,home,18056.12
2020-07-05,kids_pets,16528.23
2020-07-05,misc_net,9667.62
2020-07-05,misc_pos,14976.44
2020-07-05,personal_care,11904.3
2020-07-05,shopping_net,16252.96
2020-07-05,shopping_pos,21056.45
2020-07-05,travel,6974.55
2020-07-06,entertainment,20533.52
2020-07-06,food_dining,13117.65
2020-07-06,gas_transport,27350.47
2020-07-06,grocery_net,7843.46
2020-07-06,grocery_pos,39545.76
2020-07-06,health_fitness,14996.07
2020-07-06,home,23949.58
2020-07-06,kids_pets,20465.59
2020-07-06,misc_net,13408.42
2020-07-06,misc_pos,14772.76
2020-07-06,personal_care,14477.2
2020-07-06,shopping_net,25215.989999999998
2020-07-06,shopping_pos,33316.12
2020-07-06,travel,15437.68
2020-07-07,entertainment,19909.84
2020-07-07,food_dining,15042.89
2020-07-07,gas_transport,25295.76
2020-07-07,grocery_net,7471.58
2020-07-07,grocery_pos,39899.05
2020-07-07,health_fitness,14813.86
2020-07-07,home,18825.68
2020-07-07,kids_pets,19761.62
2020-07-07,misc_net,11755.81
2020-07-07,misc_pos,19218.01
2020-07-07,personal_care,14261.5
2020-07-07,shopping_net,23416.71
2020-07-07,shopping_pos,23378.16
2020-07-07,travel,23924.48
2020-07-08,entertainment,7019.15
2020-07-08,food_dining,5368.02
2020-07-08,gas_transport,11836.66
2020-07-08,grocery_net,2937.36
2020-07-08,grocery_pos,18793.07
2020-07-08,health_fitness,7358.91
2020-07-08,home,10778.21
2020-07-08,kids_pets,9322.9
2020-07-08,misc_net,8061.06
2020-07-08,misc_pos,11820.46
2020-07-08,personal_care,5588.89
2020-07-08,shopping_net,11033.07
2020-07-08,shopping_pos,12129.73
2020-07-08,travel,5965.58
2020-07-09,entertainment,10954.15
2020-07-09,food_dining,7927.47
2020-07-09,gas_transport,15328.8
2020-07-09,grocery_net,3572.32
2020-07-09,grocery_pos,26470.35
2020-07-09,health_fitness,9726.04
2020-07-09,home,10377.36
2020-07-09,kids_pets,10968.83
2020-07-09,misc_net,4085.02
2020-07-09,misc_pos,8949.4
2020-07-09,personal_care,8223.13
2020-07-09,shopping_net,11608.77
2020-07-09,shopping_pos,15835.57
2020-07-09,travel,1814.9
2020-07-10,entertainment,11222.07
2020-07-10,food_dining,6299.6
2020-07-10,gas_transport,15689.24
2020-07-10,grocery_net,3745.17
2020-07-10,grocery_pos,28048.97
2020-07-10,health_fitness,8171.81
2020-07-10,home,11787.789999999999
2020-07-10,kids_pets,10577.89
2020-07-10,misc_net,10737.76
2020-07-10,misc_pos,10116.58
2020-07-10,personal_care,7970.46
2020-07-10,shopping_net,18049.53
2020-07-10,shopping_pos,13168.93
2020-07-10,travel,7979.07
2020-07-11,entertainment,10594.07
2020-07-11,food_dining,8123.53
2020-07-11,gas_transport,14270.67
2020-07-11,grocery_net,4072.22
2020-07-11,grocery_pos,28909.56
2020-07-11,health_fitness,8141.83
2020-07-11,home,12692.41
2020-07-11,kids_pets,12459.94
2020-07-11,misc_net,10413.24
2020-07-11,misc_pos,11896.45
2020-07-11,personal_care,7145.28
2020-07-11,shopping_net,17227.02
2020-07-11,shopping_pos,13450.25
2020-07-11,travel,4111.29
2020-07-12,entertainment,15252.37
2020-07-12,food_dining,11938.63
2020-07-12,gas_transport,23596.2
2020-07-12,grocery_net,6002.54
2020-07-12,grocery_pos,35876.64
2020-07-12,health_fitness,12414.67
2020-07-12,home,19741.68
2020-07-12,kids_pets,15362.99
2020-07-12,misc_net,14993.66
2020-07-12,misc_pos,7459.41
2020-07-12,personal_care,11070.95
2020-07-12,shopping_net,26700.34
2020-07-12,shopping_pos,28990.86
2020-07-12,travel,6525.99
2020-07-13,entertainment,18775.920000000002
2020-07-13,food_dining,13187.39
2020-07-13,gas_transport,29023.36
2020-07-13,grocery_net,7627.05
2020-07-13,grocery_pos,40981.29
2020-07-13,health_fitness,13200.05
2020-07-13,home,20723.56
2020-07-13,kids_pets,20496.51
2020-07-13,misc_net,12662.38
2020-07-13,misc_pos,18269.41
2020-07-13,personal_care,13410.14
2020-07-13,shopping_net,17751.87
2020-07-13,shopping_pos,23444.93
2020-07-13,travel,8815.99
2020-07-14,entertainment,16026.17
2020-07-14,food_dining,14685.07
2020-07-14,gas_transport,25180.61
2020-07-14,grocery_net,6923.38
2020-07-14,grocery_pos,38598.14
2020-07-14,health_fitness,14553.22
2020-07-14,home,21907.829999999998
2020-07-14,kids_pets,20210.15
2020-07-14,misc_net,11603.67
2020-07-14,misc_pos,16729.94
2020-07-14,personal_care,15104.32
2020-07-14,shopping_net,19209.579999999998
2020-07-14,shopping_pos,22278.01
2020-07-14,travel,15028.68
2020-07-15,entertainment,8907.75
2020-07-15,food_dining,5646.51
2020-07-15,gas_transport,12702.75
2020-07-15,grocery_net,3887.74
2020-07-15,grocery_pos,19320.81
2020-07-15,health_fitness,5053.67
2020-07-15,home,9784.76
2020-07-15,kids_pets,9978.4
2020-07-15,misc_net,4671.12
2020-07-15,misc_pos,9461.26
2020-07-15,personal_care,7134.34
2020-07-15,shopping_net,13437.66
2020-07-15,shopping_pos,14735.79
2020-07-15,travel,5170.4
2020-07-16,entertainment,7857.62
2020-07-16,food_dining,7573.45
2020-07-16,gas_transport,13266.84
2020-07-16,grocery_net,4097.39
2020-07-16,grocery_pos,21936.29
2020-07-16,health_fitness,7246.38
2020-07-16,home,10436.75
2020-07-16,kids_pets,12349.05
2020-07-16,misc_net,5467.7
2020-07-16,misc_pos,9837.97
2020-07-16,personal_care,7750.86
2020-07-16,shopping_net,12249.66
2020-07-16,shopping_pos,12185.05
2020-07-16,travel,3990.98
2020-07-17,entertainment,10238.77
2020-07-17,food_dining,9906.8
2020-07-17,gas_transport,15628.0
2020-07-17,grocery_net,4223.39
2020-07-17,grocery_pos,23863.01
2020-07-17,health_fitness,7193.08
2020-07-17,home,11855.31
2020-07-17,kids_pets,12487.619999999999
2020-07-17,misc_net,5649.18
2020-07-17,misc_pos,12801.51
2020-07-17,personal_care,6388.28
2020-07-17,shopping_net,16668.59
2020-07-17,shopping_pos,15262.37
2020-07-17,travel,11231.39
2020-07-18,entertainment,12807.3
2020-07-18,food_dining,9060.28
2020-07-18,gas_transport,15181.07
2020-07-18,grocery_net,3208.04
2020-07-18,grocery_pos,24968.16
2020-07-18,health_fitness,8900.17
2020-07-18,home,12208.82
2020-07-18,kids_pets,12171.58
2020-07-18,misc_net,10144.25
2020-07-18,misc_pos,8186.19
2020-07-18,personal_care,7547.75
2020-07-18,shopping_net,14103.84
2020-07-18,shopping_pos,14001.24
2020-07-18,travel,18790.97
2020-07-19,entertainment,16989.08
2020-07-19,food_dining,12797.39
2020-07-19,gas_transport,23673.32
2020-07-19,grocery_net,6988.57
2020-07-19,grocery_pos,39717.62
2020-07-19,health_fitness,11245.88
2020-07-19,home,16270.18
2020-07-19,kids_pets,17954.57
2020-07-19,misc_net,13151.69
2020-07-19,misc_pos,16586.22
2020-07-19,personal_care,11940.92
2020-07-19,shopping_net,25712.35
2020-07-19,shopping_pos,27171.97
2020-07-19,travel,24448.87
2020-07-20,entertainment,20635.84
2020-07-20,food_dining,15942.76
2020-07-20,gas_transport,23617.83
2020-07-20,grocery_net,6831.55
2020-07-20,grocery_pos,46367.74
2020-07-20,health_fitness,14321.16
2020-07-20,home,19942.34
2020-07-20,kids_pets,20275.0
2020-07-20,misc_net,18132.63
2020-07-20,misc_pos,13718.42
2020-07-20,personal_care,14323.26
2020-07-20,shopping_net,28221.73
2020-07-20,shopping_pos,20507.41
2020-07-20,travel,13125.34
2020-07-21,entertainment,18305.83
2020-07-21,food_dining,14356.96
2020-07-21,gas_transport,26190.57
2020-07-21,grocery_net,7021.3
2020-07-21,grocery_pos,47383.53
2020-07-21,health_fitness,14297.38
2020-07-21,home,20880.87
2020-07-21,kids_pets,17722.42
2020-07-21,misc_net,11472.28
2020-07-21,misc_pos,15111.26
2020-07-21,personal_care,12747.44
2020-07-21,shopping_net,18396.43
2020-07-21,shopping_pos,25048.7
2020-07-21,travel,23459.95
2020-07-22,entertainment,7487.83
2020-07-22,food_dining,4179.94
2020-07-22,gas_transport,12472.89
2020-07-22,grocery_net,3600.75
2020-07-22,grocery_pos,20218.07
2020-07-22,health_fitness,7176.62
2020-07-22,home,9852.73
2020-07-22,kids_pets,9015.31
2020-07-22,misc_net,7663.46
2020-07-22,misc_pos,7378.97
2020-07-22,personal_care,5068.34
2020-07-22,shopping_net,9810.42
2020-07-22,shopping_pos,7000.12
2020-07-22,travel,3357.25
2020-07-23,entertainment,9143.45
2020-07-23,food_dining,7309.82
2020-07-23,gas_transport,14838.01
2020-07-23,grocery_net,3866.67
2020-07-23,grocery_pos,20906.51
2020-07-23,health_fitness,7092.93
2020-07-23,home,12341.73
2020-07-23,kids_pets,11208.05
2020-07-23,misc_net,8921.86
2020-07-23,misc_pos,10512.31
2020-07-23,personal_care,6283.21
2020-07-23,shopping_net,14632.76
2020-07-23,shopping_pos,19265.29
2020-07-23,travel,6689.31
2020-07-24,entertainment,10444.62
2020-07-24,food_dining,7729.21
2020-07-24,gas_transport,16977.43
2020-07-24,grocery_net,4551.45
2020-07-24,grocery_pos,26768.48
2020-07-24,health_fitness,9035.7
2020-07-24,home,14503.15
2020-07-24,kids_pets,11105.19
2020-07-24,misc_net,10413.4
2020-07-24,misc_pos,7823.77
2020-07-24,personal_care,8353.58
2020-07-24,shopping_net,14341.9
2020-07-24,shopping_pos,11335.06
2020-07-24,travel,5082.22
2020-07-25,entertainment,9100.87
2020-07-25,food_dining,7967.63
2020-07-25,gas_transport,14768.09
2020-07-25,grocery_net,4166.36
2020-07-25,grocery_pos,23118.13
2020-07-25,health_fitness,9044.34
2020-07-25,home,13007.09
2020-07-25,kids_pets,11600.95
2020-07-25,misc_net,7160.81
2020-07-25,misc_pos,7689.27
2020-07-25,personal_care,8499.99
2020-07-25,shopping_net,13319.27
2020-07-25,shopping_pos,12653.53
2020-07-25,travel,9484.05
2020-07-26,entertainment,16937.86
2020-07-26,food_dining,13298.96
2020-07-26,gas_transport,22669.05
2020-07-26,grocery_net,4891.22
2020-07-26,grocery_pos,39916.45
2020-07-26,health_fitness,11716.14
2020-07-26,home,15965.52
2020-07-26,kids_pets,17109.91
2020-07-26,misc_net,14977.9
2020-07-26,misc_pos,13702.02
2020-07-26,personal_care,10896.58
2020-07-26,shopping_net,17823.36
2020-07-26,shopping_pos,17466.24
2020-07-26,travel,14371.560000000001
2020-07-27,entertainment,17978.45
2020-07-27,food_dining,14202.51
2020-07-27,gas_transport,25958.32
2020-07-27,grocery_net,7197.47
2020-07-27,grocery_pos,42969.73
2020-07-27,health_fitness,14042.28
2020-07-27,home,21680.43
2020-07-27,kids_pets,22884.19
2020-07-27,misc_net,12317.45
2020-07-27,misc_pos,13657.74
2020-07-27,personal_care,13683.83
2020-07-27,shopping_net,27864.07
2020-07-27,shopping_pos,21250.170000000002
2020-07-27,travel,7631.62
2020-07-28,entertainment,16586.78
2020-07-28,food_dining,13781.77
2020-07-28,gas_transport,26053.19
2020-07-28,grocery_net,8030.5599999999995
2020-07-28,grocery_pos,41019.44
2020-07-28,health_fitness,14015.84
2020-07-28,home,20747.55
2020-07-28,kids_pets,20215.55
2020-07-28,misc_net,17968.76
2020-07-28,misc_pos,14340.61
2020-07-28,personal_care,14216.81
2020-07-28,shopping_net,23621.27
2020-07-28,shopping_pos,17206.48
2020-07-28,travel,16162.16
2020-07-29,entertainment,7436.47
2020-07-29,food_dining,6124.16
2020-07-29,gas_transport,10986.88
2020-07-29,grocery_net,4307.56
2020-07-29,grocery_pos,23799.39
2020-07-29,health_fitness,5868.77
2020-07-29,home,9620.76
2020-07-29,kids_pets,7165.77
2020-07-29,misc_net,6871.39
2020-07-29,misc_pos,6088.34
2020-07-29,personal_care,7066.41
2020-07-29,shopping_net,12279.66
2020-07-29,shopping_pos,13128.48
2020-07-29,travel,6244.87
2020-07-30,entertainment,6998.95
2020-07-30,food_dining,7795.43
2020-07-30,gas_transport,13484.91
2020-07-30,grocery_net,4603.82
2020-07-30,grocery_pos,23652.58
2020-07-30,health_fitness,8624.3
2020-07-30,home,11539.52
2020-07-30,kids_pets,10041.31
2020-07-30,misc_net,10134.53
2020-07-30,misc_pos,7246.82
2020-07-30,personal_care,7519.62
2020-07-30,shopping_net,9599.01
2020-07-30,shopping_pos,17346.86
2020-07-30,travel,7079.5199999999995
2020-07-31,entertainment,11288.54
2020-07-31,food_dining,5961.82
2020-07-31,gas_transport,16394.76
2020-07-31,grocery_net,4029.67
2020-07-31,grocery_pos,24940.02
2020-07-31,health_fitness,9200.7
2020-07-31,home,10454.03
2020-07-31,kids_pets,12193.42
2020-07-31,misc_net,11315.630000000001
2020-07-31,misc_pos,8076.1
2020-07-31,personal_care,7822.53
2020-07-31,shopping_net,10909.22
2020-07-31,shopping_pos,19731.02
2020-07-31,travel,16846.57
2020-08-01,entertainment,9332.97
2020-08-01,food_dining,8659.86
2020-08-01,gas_transport,14284.16
2020-08-01,grocery_net,4143.33
2020-08-01,grocery_pos,25575.71
2020-08-01,health_fitness,8961.17
2020-08-01,home,12539.62
2020-08-01,kids_pets,11162.92
2020-08-01,misc_net,9777.42
2020-08-01,misc_pos,8074.62
2020-08-01,personal_care,9006.2
2020-08-01,shopping_net,19158.61
2020-08-01,shopping_pos,14487.86
2020-08-01,travel,8353.93
2020-08-02,entertainment,17673.56
2020-08-02,food_dining,16313.46
2020-08-02,gas_transport,23787.02
2020-08-02,grocery_net,6088.67
2020-08-02,grocery_pos,38029.71
2020-08-02,health_fitness,11966.07
2020-08-02,home,16980.75
2020-08-02,kids_pets,17038.36
2020-08-02,misc_net,9772.82
2020-08-02,misc_pos,12496.16
2020-08-02,personal_care,11233.77
2020-08-02,shopping_net,31292.72
2020-08-02,shopping_pos,37609.98
2020-08-02,travel,3444.88
2020-08-03,entertainment,19567.61
2020-08-03,food_dining,14776.48
2020-08-03,gas_transport,26905.78
2020-08-03,grocery_net,7234.42
2020-08-03,grocery_pos,45289.97
2020-08-03,health_fitness,13611.92
2020-08-03,home,21027.03
2020-08-03,kids_pets,20414.2
2020-08-03,misc_net,15607.15
2020-08-03,misc_pos,14111.32
2020-08-03,personal_care,13888.67
2020-08-03,shopping_net,22434.53
2020-08-03,shopping_pos,19862.36
2020-08-03,travel,13282.92
2020-08-04,entertainment,17935.72
2020-08-04,food_dining,14378.26
2020-08-04,gas_transport,24030.33
2020-08-04,grocery_net,7773.54
2020-08-04,grocery_pos,37844.59
2020-08-04,health_fitness,13502.84
2020-08-04,home,20817.829999999998
2020-08-04,kids_pets,19562.62
2020-08-04,misc_net,17198.09
2020-08-04,misc_pos,15166.79
2020-08-04,personal_care,13241.8
2020-08-04,shopping_net,34663.95
2020-08-04,shopping_pos,20579.66
2020-08-04,travel,7675.96
2020-08-05,entertainment,6999.32
2020-08-05,food_dining,7209.11
2020-08-05,gas_transport,11388.76
2020-08-05,grocery_net,2767.86
2020-08-05,grocery_pos,20830.69
2020-08-05,health_fitness,7845.04
2020-08-05,home,10203.68
2020-08-05,kids_pets,7774.56
2020-08-05,misc_net,6674.34
2020-08-05,misc_pos,7341.4800000000005
2020-08-05,personal_care,5240.85
2020-08-05,shopping_net,9753.01
2020-08-05,shopping_pos,13479.83
2020-08-05,travel,20446.64
2020-08-06,entertainment,8785.55
2020-08-06,food_dining,7593.4
2020-08-06,gas_transport,13725.59
2020-08-06,grocery_net,3817.24
2020-08-06,grocery_pos,24786.69
2020-08-06,health_fitness,6358.54
2020-08-06,home,11066.62
2020-08-06,kids_pets,11065.58
2020-08-06,misc_net,10461.63
2020-08-06,misc_pos,9751.37
2020-08-06,personal_care,6312.19
2020-08-06,shopping_net,17567.12
2020-08-06,shopping_pos,12672.5
2020-08-06,travel,6653.2300000000005
2020-08-07,entertainment,10298.53
2020-08-07,food_dining,8672.51
2020-08-07,gas_transport,14710.23
2020-08-07,grocery_net,3968.8
2020-08-07,grocery_pos,26478.65
2020-08-07,health_fitness,7385.78
2020-08-07,home,12898.7
2020-08-07,kids_pets,11327.18
2020-08-07,misc_net,10897.89
2020-08-07,misc_pos,8861.86
2020-08-07,personal_care,8082.49
2020-08-07,shopping_net,13099.25
2020-08-07,shopping_pos,17585.63
2020-08-07,travel,13189.91
2020-08-08,entertainment,12278.43
2020-08-08,food_dining,10050.86
2020-08-08,gas_transport,15992.2
2020-08-08,grocery_net,4229.57
2020-08-08,grocery_pos,24367.74
2020-08-08,health_fitness,7447.92
2020-08-08,home,14782.86
2020-08-08,kids_pets,10559.72
2020-08-08,misc_net,11236.32
2020-08-08,misc_pos,8854.15
2020-08-08,personal_care,8672.02
2020-08-08,shopping_net,11689.32
2020-08-08,shopping_pos,19425.47
2020-08-08,travel,10500.59
2020-08-09,entertainment,16083.07
2020-08-09,food_dining,14611.12
2020-08-09,gas_transport,23947.27
2020-08-09,grocery_net,7042.07
2020-08-09,grocery_pos,42275.06
2020-08-09,health_fitness,12025.21
2020-08-09,home,19773.72
2020-08-09,kids_pets,14007.83
2020-08-09,misc_net,15000.58
2020-08-09,misc_pos,13477.86
2020-08-09,personal_care,11793.56
2020-08-09,shopping_net,23615.86
2020-08-09,shopping_pos,30127.23
2020-08-09,travel,8733.68
2020-08-10,entertainment,17440.62
2020-08-10,food_dining,15981.25
2020-08-10,gas_transport,24270.85
2020-08-10,grocery_net,6362.06
2020-08-10,grocery_pos,40278.63
2020-08-10,health_fitness,14435.49
2020-08-10,home,23465.93
2020-08-10,kids_pets,20364.23
2020-08-10,misc_net,16035.38
2020-08-10,misc_pos,15675.91
2020-08-10,personal_care,14472.82
2020-08-10,shopping_net,25380.4
2020-08-10,shopping_pos,28814.25
2020-08-10,travel,12974.550000000001
2020-08-11,entertainment,17211.13
2020-08-11,food_dining,14234.78
2020-08-11,gas_transport,24322.17
2020-08-11,grocery_net,6318.72
2020-08-11,grocery_pos,45849.97
2020-08-11,health_fitness,13068.01
2020-08-11,home,19370.16
2020-08-11,kids_pets,19723.22
2020-08-11,misc_net,16321.13
2020-08-11,misc_pos,14051.29
2020-08-11,personal_care,11722.6
2020-08-11,shopping_net,25575.829999999998
2020-08-11,shopping_pos,30129.84
2020-08-11,travel,9226.88
2020-08-12,entertainment,9883.3
2020-08-12,food_dining,7015.21
2020-08-12,gas_transport,12766.2
2020-08-12,grocery_net,3186.2599999999998
2020-08-12,grocery_pos,22067.31
2020-08-12,health_fitness,7331.26
2020-08-12,home,9569.69
2020-08-12,kids_pets,10727.15
2020-08-12,misc_net,8712.24
2020-08-12,misc_pos,6307.52
2020-08-12,personal_care,6772.6
2020-08-12,shopping_net,11424.69
2020-08-12,shopping_pos,19400.309999999998
2020-08-12,travel,4153.46
2020-08-13,entertainment,10109.17
2020-08-13,food_dining,7627.55
2020-08-13,gas_transport,12266.82
2020-08-13,grocery_net,4106.62
2020-08-13,grocery_pos,23291.5
2020-08-13,health_fitness,7581.47
2020-08-13,home,10138.289999999999
2020-08-13,kids_pets,10192.1
2020-08-13,misc_net,7345.61
2020-08-13,misc_pos,8525.13
2020-08-13,personal_care,6993.5599999999995
2020-08-13,shopping_net,12050.21
2020-08-13,shopping_pos,14487.48
2020-08-13,travel,7962.41
2020-08-14,entertainment,10820.0
2020-08-14,food_dining,8942.24
2020-08-14,gas_transport,13642.46
2020-08-14,grocery_net,4670.5
2020-08-14,grocery_pos,21102.75
2020-08-14,health_fitness,9205.53
2020-08-14,home,13122.41
2020-08-14,kids_pets,11660.02
2020-08-14,misc_net,8799.74
2020-08-14,misc_pos,6141.64
2020-08-14,personal_care,8339.65
2020-08-14,shopping_net,13347.0
2020-08-14,shopping_pos,16835.91
2020-08-14,travel,3304.25
2020-08-15,entertainment,10114.52
2020-08-15,food_dining,7463.86
2020-08-15,gas_transport,14761.3
2020-08-15,grocery_net,3993.36
2020-08-15,grocery_pos,24471.5
2020-08-15,health_fitness,8328.98
2020-08-15,home,11284.33
2020-08-15,kids_pets,10706.76
2020-08-15,misc_net,5915.85
2020-08-15,misc_pos,7203.099999999999
2020-08-15,personal_care,8344.81
2020-08-15,shopping_net,14170.06
2020-08-15,shopping_pos,16015.81
2020-08-15,travel,4225.31
2020-08-16,entertainment,12892.68
2020-08-16,food_dining,12468.76
2020-08-16,gas_transport,22326.13
2020-08-16,grocery_net,5836.63
2020-08-16,grocery_pos,36754.47
2020-08-16,health_fitness,11242.880000000001
2020-08-16,home,16603.58
2020-08-16,kids_pets,17010.49
2020-08-16,misc_net,12082.19
2020-08-16,misc_pos,13813.71
2020-08-16,personal_care,11107.9
2020-08-16,shopping_net,22075.46
2020-08-16,shopping_pos,22027.829999999998
2020-08-16,travel,8611.67
2020-08-17,entertainment,19042.23
2020-08-17,food_dining,13715.34
2020-08-17,gas_transport,23733.08
2020-08-17,grocery_net,7118.05
2020-08-17,grocery_pos,39358.81
2020-08-17,health_fitness,14824.93
2020-08-17,home,22577.34
2020-08-17,kids_pets,20556.2
2020-08-17,misc_net,15601.09
2020-08-17,misc_pos,12326.28
2020-08-17,personal_care,12599.84
2020-08-17,shopping_net,22291.39
2020-08-17,shopping_pos,22651.98
2020-08-17,travel,9812.460000000001
2020-08-18,entertainment,17153.53
2020-08-18,food_dining,14264.95
2020-08-18,gas_transport,24723.97
2020-08-18,grocery_net,8114.93
2020-08-18,grocery_pos,39479.61
2020-08-18,health_fitness,13929.5
2020-08-18,home,20880.48
2020-08-18,kids_pets,21000.66
2020-08-18,misc_net,15133.33
2020-08-18,misc_pos,18492.7
2020-08-18,personal_care,12208.56
2020-08-18,shopping_net,24060.8
2020-08-18,shopping_pos,24218.93
2020-08-18,travel,9608.91
2020-08-19,entertainment,7812.32
2020-08-19,food_dining,7417.53
2020-08-19,gas_transport,12767.43
2020-08-19,grocery_net,3384.45
2020-08-19,grocery_pos,19945.57
2020-08-19,health_fitness,7996.38
2020-08-19,home,9858.69
2020-08-19,kids_pets,8944.08
2020-08-19,misc_net,5276.33
2020-08-19,misc_pos,4700.01
2020-08-19,personal_care,6169.4800000000005
2020-08-19,shopping_net,15416.25
2020-08-19,shopping_pos,11562.27
2020-08-19,travel,4369.15
2020-08-20,entertainment,10172.46
2020-08-20,food_dining,8361.49
2020-08-20,gas_transport,11995.03
2020-08-20,grocery_net,4059.61
2020-08-20,grocery_pos,26228.12
2020-08-20,health_fitness,9058.83
2020-08-20,home,12727.34
2020-08-20,kids_pets,11506.98
2020-08-20,misc_net,10576.97
2020-08-20,misc_pos,6294.76
2020-08-20,personal_care,7619.46
2020-08-20,shopping_net,16991.94
2020-08-20,shopping_pos,20077.48
2020-08-20,travel,5837.759999999999
2020-08-21,entertainment,9197.8
2020-08-21,food_dining,7525.48
2020-08-21,gas_transport,13663.53
2020-08-21,grocery_net,4559.37
2020-08-21,grocery_pos,26722.03
2020-08-21,health_fitness,8810.15
2020-08-21,home,13965.04
2020-08-21,kids_pets,11390.18
2020-08-21,misc_net,9750.65
2020-08-21,misc_pos,9810.74
2020-08-21,personal_care,8938.52
2020-08-21,shopping_net,11419.05
2020-08-21,shopping_pos,13784.95
2020-08-21,travel,5648.719999999999
2020-08-22,entertainment,10357.46
2020-08-22,food_dining,9011.49
2020-08-22,gas_transport,13988.53
2020-08-22,grocery_net,3697.2
2020-08-22,grocery_pos,25405.97
2020-08-22,health_fitness,8012.02
2020-08-22,home,14387.21
2020-08-22,kids_pets,11940.55
2020-08-22,misc_net,9148.4
2020-08-22,misc_pos,7322.69
2020-08-22,personal_care,8755.45
2020-08-22,shopping_net,8761.48
2020-08-22,shopping_pos,14994.08
2020-08-22,travel,4835.6
2020-08-23,entertainment,15308.23
2020-08-23,food_dining,12613.42
2020-08-23,gas_transport,20816.21
2020-08-23,grocery_net,4953.45
2020-08-23,grocery_pos,36376.69
2020-08-23,health_fitness,11760.9
2020-08-23,home,17022.18
2020-08-23,kids_pets,15494.77
2020-08-23,misc_net,13953.25
2020-08-23,misc_pos,14229.0
2020-08-23,personal_care,8967.11
2020-08-23,shopping_net,27347.7
2020-08-23,shopping_pos,18794.23
2020-08-23,travel,21099.74
2020-08-24,entertainment,20330.0
2020-08-24,food_dining,14430.45
2020-08-24,gas_transport,26738.78
2020-08-24,grocery_net,8199.94
2020-08-24,grocery_pos,44555.98
2020-08-24,health_fitness,12357.43
2020-08-24,home,22219.81
2020-08-24,kids_pets,19244.21
2020-08-24,misc_net,14167.35
2020-08-24,misc_pos,13430.89
2020-08-24,personal_care,16886.94
2020-08-24,shopping_net,17964.52
2020-08-24,shopping_pos,24541.47
2020-08-24,travel,7003.03
2020-08-25,entertainment,18206.78
2020-08-25,food_dining,12692.79
2020-08-25,gas_transport,21773.47
2020-08-25,grocery_net,6706.12
2020-08-25,grocery_pos,39535.81
2020-08-25,health_fitness,12969.85
2020-08-25,home,19731.79
2020-08-25,kids_pets,20730.97
2020-08-25,misc_net,13327.42
2020-08-25,misc_pos,14545.68
2020-08-25,personal_care,12694.42
2020-08-25,shopping_net,29445.84
2020-08-25,shopping_pos,22239.85
2020-08-25,travel,14306.039999999999
2020-08-26,entertainment,8594.3
2020-08-26,food_dining,5581.42
2020-08-26,gas_transport,12636.21
2020-08-26,grocery_net,4612.08
2020-08-26,grocery_pos,23699.08
2020-08-26,health_fitness,5432.4
2020-08-26,home,11032.22
2020-08-26,kids_pets,8716.86
2020-08-26,misc_net,7734.5
2020-08-26,misc_pos,5436.35
2020-08-26,personal_care,5665.8
2020-08-26,shopping_net,7369.35
2020-08-26,shopping_pos,10620.61
2020-08-26,travel,2145.35
2020-08-27,entertainment,7855.66
2020-08-27,food_dining,8038.2699999999995
2020-08-27,gas_transport,14306.71
2020-08-27,grocery_net,3741.51
2020-08-27,grocery_pos,24117.28
2020-08-27,health_fitness,5514.84
2020-08-27,home,11697.88
2020-08-27,kids_pets,11089.1
2020-08-27,misc_net,8945.16
2020-08-27,misc_pos,6960.2
2020-08-27,personal_care,7457.21
2020-08-27,shopping_net,17139.14
2020-08-27,shopping_pos,21950.13
2020-08-27,travel,5543.53
2020-08-28,entertainment,8667.43
2020-08-28,food_dining,7371.61
2020-08-28,gas_transport,15761.64
2020-08-28,grocery_net,4005.2799999999997
2020-08-28,grocery_pos,25170.7
2020-08-28,health_fitness,7950.37
2020-08-28,home,11814.12
2020-08-28,kids_pets,12097.11
2020-08-28,misc_net,11257.44
2020-08-28,misc_pos,7608.51
2020-08-28,personal_care,8004.9400000000005
2020-08-28,shopping_net,16872.71
2020-08-28,shopping_pos,13722.96
2020-08-28,travel,6661.16
2020-08-29,entertainment,9771.09
2020-08-29,food_dining,7913.42
2020-08-29,gas_transport,14432.8
2020-08-29,grocery_net,4443.7699999999995
2020-08-29,grocery_pos,24701.1
2020-08-29,health_fitness,8313.81
2020-08-29,home,12891.03
2020-08-29,kids_pets,13075.72
2020-08-29,misc_net,10838.16
2020-08-29,misc_pos,7806.32
2020-08-29,personal_care,8066.05
2020-08-29,shopping_net,16916.35
2020-08-29,shopping_pos,15834.11
2020-08-29,travel,7029.74
2020-08-30,entertainment,14543.08
2020-08-30,food_dining,12287.02
2020-08-30,gas_transport,21625.73
2020-08-30,grocery_net,6420.18
2020-08-30,grocery_pos,35114.75
2020-08-30,health_fitness,11328.6
2020-08-30,home,17693.79
2020-08-30,kids_pets,16027.95
2020-08-30,misc_net,12018.05
2020-08-30,misc_pos,14554.33
2020-08-30,personal_care,11386.61
2020-08-30,shopping_net,18661.47
2020-08-30,shopping_pos,16516.7
2020-08-30,travel,10672.8
2020-08-31,entertainment,20676.38
2020-08-31,food_dining,13382.38
2020-08-31,gas_transport,29149.74
2020-08-31,grocery_net,8133.25
2020-08-31,grocery_pos,42672.67
2020-08-31,health_fitness,14560.2
2020-08-31,home,22503.22
2020-08-31,kids_pets,22181.18
2020-08-31,misc_net,14287.87
2020-08-31,misc_pos,16846.41
2020-08-31,personal_care,11753.95
2020-08-31,shopping_net,24509.01
2020-08-31,shopping_pos,25251.44
2020-08-31,travel,8834.890000000001
2020-09-01,entertainment,16683.13
2020-09-01,food_dining,12554.69
2020-09-01,gas_transport,22947.64
2020-09-01,grocery_net,8870.57
2020-09-01,grocery_pos,43284.07
2020-09-01,health_fitness,14462.93
2020-09-01,home,19733.59
2020-09-01,kids_pets,21376.45
2020-09-01,misc_net,14643.05
2020-09-01,misc_pos,15407.22
2020-09-01,personal_care,11356.05
2020-09-01,shopping_net,20840.77
2020-09-01,shopping_pos,27041.46
2020-09-01,travel,19130.58
2020-09-02,entertainment,6457.45
2020-09-02,food_dining,6222.35
2020-09-02,gas_transport,8579.36
2020-09-02,grocery_net,2815.91
2020-09-02,grocery_pos,14474.85
2020-09-02,health_fitness,5236.37
2020-09-02,home,9663.5
2020-09-02,kids_pets,6424.22
2020-09-02,misc_net,7977.0
2020-09-02,misc_pos,7025.26
2020-09-02,personal_care,5671.92
2020-09-02,shopping_net,10750.84
2020-09-02,shopping_pos,9764.92
2020-09-02,travel,5374.22
2020-09-03,entertainment,9666.69
2020-09-03,food_dining,5489.26
2020-09-03,gas_transport,10924.71
2020-09-03,grocery_net,2799.7400000000002
2020-09-03,grocery_pos,17931.11
2020-09-03,health_fitness,5961.17
2020-09-03,home,11152.16
2020-09-03,kids_pets,9148.6
2020-09-03,misc_net,6573.47
2020-09-03,misc_pos,6984.47
2020-09-03,personal_care,5175.18
2020-09-03,shopping_net,13984.64
2020-09-03,shopping_pos,13757.17
2020-09-03,travel,4663.52
2020-09-04,entertainment,10168.34
2020-09-04,food_dining,6186.4
2020-09-04,gas_transport,12441.76
2020-09-04,grocery_net,3216.59
2020-09-04,grocery_pos,20152.17
2020-09-04,health_fitness,6819.21
2020-09-04,home,10044.58
2020-09-04,kids_pets,10400.880000000001
2020-09-04,misc_net,8392.19
2020-09-04,misc_pos,5927.98
2020-09-04,personal_care,7551.03
2020-09-04,shopping_net,18444.78
2020-09-04,shopping_pos,15501.35
2020-09-04,travel,5727.98
2020-09-05,entertainment,10243.12
2020-09-05,food_dining,7702.3
2020-09-05,gas_transport,11823.21
2020-09-05,grocery_net,4515.16
2020-09-05,grocery_pos,23817.47
2020-09-05,health_fitness,6551.79
2020-09-05,home,7808.37
2020-09-05,kids_pets,10187.49
2020-09-05,misc_net,6949.67
2020-09-05,misc_pos,7511.82
2020-09-05,personal_care,6131.34
2020-09-05,shopping_net,17595.38
2020-09-05,shopping_pos,13098.66
2020-09-05,travel,3447.6
2020-09-06,entertainment,13005.539999999999
2020-09-06,food_dining,11485.61
2020-09-06,gas_transport,18233.66
2020-09-06,grocery_net,4359.62
2020-09-06,grocery_pos,30783.579999999998
2020-09-06,health_fitness,8478.35
2020-09-06,home,14175.02
2020-09-06,kids_pets,11701.96
2020-09-06,misc_net,11665.25
2020-09-06,misc_pos,9520.85
2020-09-06,personal_care,10016.99
2020-09-06,shopping_net,15388.05
2020-09-06,shopping_pos,20505.76
2020-09-06,travel,11078.85
2020-09-07,entertainment,15187.1
2020-09-07,food_dining,12808.02
2020-09-07,gas_transport,19489.34
2020-09-07,grocery_net,6370.19
2020-09-07,grocery_pos,34439.17
2020-09-07,health_fitness,11598.0
2020-09-07,home,17695.7
2020-09-07,kids_pets,16048.74
2020-09-07,misc_net,14325.95
2020-09-07,misc_pos,15141.24
2020-09-07,personal_care,11365.22
2020-09-07,shopping_net,24910.78
2020-09-07,shopping_pos,19091.18
2020-09-07,travel,22145.63
2020-09-08,entertainment,14170.0
2020-09-08,food_dining,10834.4
2020-09-08,gas_transport,19623.78
2020-09-08,grocery_net,5547.31
2020-09-08,grocery_pos,39241.89
2020-09-08,health_fitness,12746.16
2020-09-08,home,13949.0
2020-09-08,kids_pets,16023.8
2020-09-08,misc_net,8920.74
2020-09-08,misc_pos,12520.27
2020-09-08,personal_care,13336.27
2020-09-08,shopping_net,19622.81
2020-09-08,shopping_pos,25376.88
2020-09-08,travel,3727.84
2020-09-09,entertainment,6279.4
2020-09-09,food_dining,6544.150000000001
2020-09-09,gas_transport,11358.59
2020-09-09,grocery_net,2647.96
2020-09-09,grocery_pos,15543.95
2020-09-09,health_fitness,5406.89
2020-09-09,home,9586.0
2020-09-09,kids_pets,6569.71
2020-09-09,misc_net,4954.95
2020-09-09,misc_pos,5756.16
2020-09-09,personal_care,5359.93
2020-09-09,shopping_net,14236.47
2020-09-09,shopping_pos,8059.9800000000005
2020-09-09,travel,3543.04
2020-09-10,entertainment,8355.57
2020-09-10,food_dining,8346.52
2020-09-10,gas_transport,11059.47
2020-09-10,grocery_net,3710.11
2020-09-10,grocery_pos,17043.9
2020-09-10,health_fitness,5818.0599999999995
2020-09-10,home,10117.88
2020-09-10,kids_pets,9151.06
2020-09-10,misc_net,8853.68
2020-09-10,misc_pos,5426.68
2020-09-10,personal_care,4908.18
2020-09-10,shopping_net,17751.38
2020-09-10,shopping_pos,17461.170000000002
2020-09-10,travel,4469.39
2020-09-11,entertainment,8860.0
2020-09-11,food_dining,7657.53
2020-09-11,gas_transport,13951.97
2020-09-11,grocery_net,3892.5
2020-09-11,grocery_pos,21799.43
2020-09-11,health_fitness,7446.16
2020-09-11,home,9773.45
2020-09-11,kids_pets,9077.81
2020-09-11,misc_net,6692.78
2020-09-11,misc_pos,6390.71
2020-09-11,personal_care,7601.24
2020-09-11,shopping_net,9416.82
2020-09-11,shopping_pos,24934.93
2020-09-11,travel,3889.38
2020-09-12,entertainment,8724.38
2020-09-12,food_dining,6266.51
2020-09-12,gas_transport,11938.42
2020-09-12,grocery_net,3654.66
2020-09-12,grocery_pos,21312.65
2020-09-12,health_fitness,7455.95
2020-09-12,home,10363.28
2020-09-12,kids_pets,9679.12
2020-09-12,misc_net,5621.5199999999995
2020-09-12,misc_pos,4815.35
2020-09-12,personal_care,5280.43
2020-09-12,shopping_net,10795.14
2020-09-12,shopping_pos,10498.05
2020-09-12,travel,3605.79
2020-09-13,entertainment,13857.55
2020-09-13,food_dining,8462.18
2020-09-13,gas_transport,17094.97
2020-09-13,grocery_net,5448.44
2020-09-13,grocery_pos,29589.73
2020-09-13,health_fitness,10408.05
2020-09-13,home,14661.97
2020-09-13,kids_pets,13872.8
2020-09-13,misc_net,15212.29
2020-09-13,misc_pos,9841.01
2020-09-13,personal_care,9736.33
2020-09-13,shopping_net,14771.369999999999
2020-09-13,shopping_pos,13145.01
2020-09-13,travel,13325.34
2020-09-14,entertainment,14701.64
2020-09-14,food_dining,11310.18
2020-09-14,gas_transport,19573.329999999998
2020-09-14,grocery_net,5335.99
2020-09-14,grocery_pos,35714.5
2020-09-14,health_fitness,10582.88
2020-09-14,home,16665.71
2020-09-14,kids_pets,17435.99
2020-09-14,misc_net,10364.18
2020-09-14,misc_pos,13519.51
2020-09-14,personal_care,10483.08
2020-09-14,shopping_net,23746.33
2020-09-14,shopping_pos,16920.86
2020-09-14,travel,8183.77
2020-09-15,entertainment,15856.35
2020-09-15,food_dining,11961.14
2020-09-15,gas_transport,20123.41
2020-09-15,grocery_net,5763.5199999999995
2020-09-15,grocery_pos,39167.52
2020-09-15,health_fitness,8642.7
2020-09-15,home,15155.91
2020-09-15,kids_pets,14318.28
2020-09-15,misc_net,13840.5
2020-09-15,misc_pos,14288.6
2020-09-15,personal_care,9435.93
2020-09-15,shopping_net,20925.37
2020-09-15,shopping_pos,30108.97
2020-09-15,travel,5282.86
2020-09-16,entertainment,6345.65
2020-09-16,food_dining,4744.54
2020-09-16,gas_transport,9730.51
2020-09-16,grocery_net,2996.68
2020-09-16,grocery_pos,15766.63
2020-09-16,health_fitness,5423.61
2020-09-16,home,9451.79
2020-09-16,kids_pets,8213.789999999999
2020-09-16,misc_net,4900.78
2020-09-16,misc_pos,6017.63
2020-09-16,personal_care,4629.81
2020-09-16,shopping_net,10579.76
2020-09-16,shopping_pos,7057.29
2020-09-16,travel,2184.36
2020-09-17,entertainment,7597.35
2020-09-17,food_dining,5995.4400000000005
2020-09-17,gas_transport,11057.58
2020-09-17,grocery_net,2858.4
2020-09-17,grocery_pos,19986.32
2020-09-17,health_fitness,5301.79
2020-09-17,home,9804.36
2020-09-17,kids_pets,8362.89
2020-09-17,misc_net,6210.22
2020-09-17,misc_pos,8168.39
2020-09-17,personal_care,5040.68
2020-09-17,shopping_net,15063.59
2020-09-17,shopping_pos,13475.42
2020-09-17,travel,3347.2400000000002
2020-09-18,entertainment,8805.39
2020-09-18,food_dining,5890.08
2020-09-18,gas_transport,12514.12
2020-09-18,grocery_net,2738.56
2020-09-18,grocery_pos,20629.39
2020-09-18,health_fitness,5253.76
2020-09-18,home,10434.8
2020-09-18,kids_pets,10018.32
2020-09-18,misc_net,5863.88
2020-09-18,misc_pos,9402.71
2020-09-18,personal_care,6646.82
2020-09-18,shopping_net,15818.15
2020-09-18,shopping_pos,11945.19
2020-09-18,travel,4313.76
2020-09-19,entertainment,9400.74
2020-09-19,food_dining,6658.56
2020-09-19,gas_transport,11810.41
2020-09-19,grocery_net,3643.68
2020-09-19,grocery_pos,20189.75
2020-09-19,health_fitness,8711.04
2020-09-19,home,10181.91
2020-09-19,kids_pets,11503.22
2020-09-19,misc_net,5384.63
2020-09-19,misc_pos,7685.150000000001
2020-09-19,personal_care,6992.58
2020-09-19,shopping_net,13282.27
2020-09-19,shopping_pos,13333.99
2020-09-19,travel,3179.88
2020-09-20,entertainment,12067.8
2020-09-20,food_dining,9760.82
2020-09-20,gas_transport,18576.65
2020-09-20,grocery_net,4902.97
2020-09-20,grocery_pos,26865.81
2020-09-20,health_fitness,8329.88
2020-09-20,home,17008.09
2020-09-20,kids_pets,12739.66
2020-09-20,misc_net,10691.1
2020-09-20,misc_pos,12122.44
2020-09-20,personal_care,8597.22
2020-09-20,shopping_net,17246.79
2020-09-20,shopping_pos,14751.49
2020-09-20,travel,8002.81
2020-09-21,entertainment,12648.34
2020-09-21,food_dining,10960.91
2020-09-21,gas_transport,20183.99
2020-09-21,grocery_net,6151.18
2020-09-21,grocery_pos,31463.57
2020-09-21,health_fitness,10185.94
2020-09-21,home,17149.32
2020-09-21,kids_pets,15925.87
2020-09-21,misc_net,14819.09
2020-09-21,misc_pos,11141.37
2020-09-21,personal_care,11066.33
2020-09-21,shopping_net,15027.51
2020-09-21,shopping_pos,22022.98
2020-09-21,travel,31113.06
2020-09-22,entertainment,15092.48
2020-09-22,food_dining,11555.69
2020-09-22,gas_transport,18466.43
2020-09-22,grocery_net,5130.41
2020-09-22,grocery_pos,32913.86
2020-09-22,health_fitness,10325.11
2020-09-22,home,16211.0
2020-09-22,kids_pets,15244.02
2020-09-22,misc_net,13300.84
2020-09-22,misc_pos,12967.04
2020-09-22,personal_care,10162.2
2020-09-22,shopping_net,19571.92
2020-09-22,shopping_pos,18950.55
2020-09-22,travel,9893.02
2020-09-23,entertainment,7890.54
2020-09-23,food_dining,5198.02
2020-09-23,gas_transport,9247.96
2020-09-23,grocery_net,3736.4900000000002
2020-09-23,grocery_pos,17206.07
2020-09-23,health_fitness,4742.93
2020-09-23,home,9372.44
2020-09-23,kids_pets,7875.97
2020-09-23,misc_net,8486.73
2020-09-23,misc_pos,5551.81
2020-09-23,personal_care,4682.61
2020-09-23,shopping_net,6728.42
2020-09-23,shopping_pos,9123.21
2020-09-23,travel,8009.16
2020-09-24,entertainment,6644.47
2020-09-24,food_dining,7167.97
2020-09-24,gas_transport,9596.81
2020-09-24,grocery_net,3311.06
2020-09-24,grocery_pos,18374.56
2020-09-24,health_fitness,6526.17
2020-09-24,home,10321.04
2020-09-24,kids_pets,8684.58
2020-09-24,misc_net,11144.87
2020-09-24,misc_pos,5096.25
2020-09-24,personal_care,6028.41
2020-09-24,shopping_net,17303.73
2020-09-24,shopping_pos,11681.19
2020-09-24,travel,5272.36
2020-09-25,entertainment,8562.85
2020-09-25,food_dining,6542.94
2020-09-25,gas_transport,12287.5
2020-09-25,grocery_net,3576.47
2020-09-25,grocery_pos,22712.31
2020-09-25,health_fitness,7019.43
2020-09-25,home,10495.42
2020-09-25,kids_pets,10373.52
2020-09-25,misc_net,5468.4400000000005
2020-09-25,misc_pos,4217.93
2020-09-25,personal_care,6954.61
2020-09-25,shopping_net,13064.77
2020-09-25,shopping_pos,12324.42
2020-09-25,travel,11642.649999999998
2020-09-26,entertainment,8726.77
2020-09-26,food_dining,7444.85
2020-09-26,gas_transport,11946.9
2020-09-26,grocery_net,3006.87
2020-09-26,grocery_pos,23381.47
2020-09-26,health_fitness,5603.69
2020-09-26,home,11039.98
2020-09-26,kids_pets,12285.31
2020-09-26,misc_net,7459.67
2020-09-26,misc_pos,6221.64
2020-09-26,personal_care,5583.97
2020-09-26,shopping_net,11575.52
2020-09-26,shopping_pos,11063.05
2020-09-26,travel,6645.21
2020-09-27,entertainment,12723.46
2020-09-27,food_dining,11521.83
2020-09-27,gas_transport,17500.7
2020-09-27,grocery_net,4924.59
2020-09-27,grocery_pos,32439.99
2020-09-27,health_fitness,9667.49
2020-09-27,home,13089.3
2020-09-27,kids_pets,13404.95
2020-09-27,misc_net,16562.18
2020-09-27,misc_pos,10597.85
2020-09-27,personal_care,8107.96
2020-09-27,shopping_net,17999.41
2020-09-27,shopping_pos,31683.72
2020-09-27,travel,10000.24
2020-09-28,entertainment,15981.17
2020-09-28,food_dining,11680.11
2020-09-28,gas_transport,21321.18
2020-09-28,grocery_net,6615.21
2020-09-28,grocery_pos,32713.91
2020-09-28,health_fitness,10890.1
2020-09-28,home,16447.76
2020-09-28,kids_pets,17350.73
2020-09-28,misc_net,10080.92
2020-09-28,misc_pos,7621.98
2020-09-28,personal_care,9969.54
2020-09-28,shopping_net,22074.71
2020-09-28,shopping_pos,20374.37
2020-09-28,travel,12412.369999999999
2020-09-29,entertainment,14741.11
2020-09-29,food_dining,10687.73
2020-09-29,gas_transport,19151.57
2020-09-29,grocery_net,5573.84
2020-09-29,grocery_pos,37521.82
2020-09-29,health_fitness,11701.84
2020-09-29,home,16975.11
2020-09-29,kids_pets,18673.41
2020-09-29,misc_net,6850.01
2020-09-29,misc_pos,10791.42
2020-09-29,personal_care,10278.37
2020-09-29,shopping_net,22995.37
2020-09-29,shopping_pos,21560.64
2020-09-29,travel,11332.7
2020-09-30,entertainment,7496.07
2020-09-30,food_dining,5339.41
2020-09-30,gas_transport,9612.12
2020-09-30,grocery_net,2968.97
2020-09-30,grocery_pos,17268.88
2020-09-30,health_fitness,4818.03
2020-09-30,home,7405.41
2020-09-30,kids_pets,6573.13
2020-09-30,misc_net,3767.25
2020-09-30,misc_pos,5501.54
2020-09-30,personal_care,4964.08
2020-09-30,shopping_net,12348.42
2020-09-30,shopping_pos,13602.22
2020-09-30,travel,6105.47
2020-10-01,entertainment,8237.93
2020-10-01,food_dining,6876.58
2020-10-01,gas_transport,12378.28
2020-10-01,grocery_net,3529.53
2020-10-01,grocery_pos,18552.53
2020-10-01,health_fitness,5246.91
2020-10-01,home,9885.76
2020-10-01,kids_pets,9963.9
2020-10-01,misc_net,6496.08
2020-10-01,misc_pos,6857.56
2020-10-01,personal_care,5372.95
2020-10-01,shopping_net,14032.2
2020-10-01,shopping_pos,7648.53
2020-10-01,travel,5164.49
2020-10-02,entertainment,9913.72
2020-10-02,food_dining,5779.06
2020-10-02,gas_transport,13758.74
2020-10-02,grocery_net,3677.38
2020-10-02,grocery_pos,21513.93
2020-10-02,health_fitness,7818.71
2020-10-02,home,10570.65
2020-10-02,kids_pets,8211.1
2020-10-02,misc_net,7426.52
2020-10-02,misc_pos,5728.88
2020-10-02,personal_care,7820.46
2020-10-02,shopping_net,10352.51
2020-10-02,shopping_pos,9284.37
2020-10-02,travel,6404.3
2020-10-03,entertainment,10115.43
2020-10-03,food_dining,7131.32
2020-10-03,gas_transport,11940.2
2020-10-03,grocery_net,3256.18
2020-10-03,grocery_pos,24444.19
2020-10-03,health_fitness,7022.33
2020-10-03,home,9932.05
2020-10-03,kids_pets,8401.01
2020-10-03,misc_net,6153.389999999999
2020-10-03,misc_pos,5189.71
2020-10-03,personal_care,7475.64
2020-10-03,shopping_net,10372.3
2020-10-03,shopping_pos,14318.97
2020-10-03,travel,5525.92
2020-10-04,entertainment,14278.19
2020-10-04,food_dining,9460.78
2020-10-04,gas_transport,19156.44
2020-10-04,grocery_net,5182.47
2020-10-04,grocery_pos,33666.26
2020-10-04,health_fitness,10417.19
2020-10-04,home,13080.78
2020-10-04,kids_pets,12283.65
2020-10-04,misc_net,14536.0
2020-10-04,misc_pos,8567.07
2020-10-04,personal_care,9009.86
2020-10-04,shopping_net,24800.45
2020-10-04,shopping_pos,16092.52
2020-10-04,travel,6861.6
2020-10-05,entertainment,14717.32
2020-10-05,food_dining,10938.84
2020-10-05,gas_transport,19401.34
2020-10-05,grocery_net,5476.32
2020-10-05,grocery_pos,33500.2
2020-10-05,health_fitness,9765.1
2020-10-05,home,18892.3
2020-10-05,kids_pets,13470.54
2020-10-05,misc_net,9902.95
2020-10-05,misc_pos,11922.33
2020-10-05,personal_care,9596.55
2020-10-05,shopping_net,25104.99
2020-10-05,shopping_pos,15989.54
2020-10-05,travel,11922.97
2020-10-06,entertainment,16366.87
2020-10-06,food_dining,10901.81
2020-10-06,gas_transport,19990.17
2020-10-06,grocery_net,6199.43
2020-10-06,grocery_pos,32775.22
2020-10-06,health_fitness,10448.97
2020-10-06,home,14988.05
2020-10-06,kids_pets,15585.23
2020-10-06,misc_net,13424.59
2020-10-06,misc_pos,15840.47
2020-10-06,personal_care,10587.79
2020-10-06,shopping_net,16275.08
2020-10-06,shopping_pos,17079.37
2020-10-06,travel,6905.95
2020-10-07,entertainment,7671.36
2020-10-07,food_dining,5975.2
2020-10-07,gas_transport,8886.5
2020-10-07,grocery_net,2911.91
2020-10-07,grocery_pos,18171.03
2020-10-07,health_fitness,5449.81
2020-10-07,home,8819.71
2020-10-07,kids_pets,8064.2
2020-10-07,misc_net,7264.3
2020-10-07,misc_pos,5272.71
2020-10-07,personal_care,5874.66
2020-10-07,shopping_net,13774.56
2020-10-07,shopping_pos,9764.0
2020-10-07,travel,7028.13
2020-10-08,entertainment,7060.48
2020-10-08,food_dining,5960.13
2020-10-08,gas_transport,8987.28
2020-10-08,grocery_net,2421.31
2020-10-08,grocery_pos,20868.91
2020-10-08,health_fitness,5914.99
2020-10-08,home,10121.31
2020-10-08,kids_pets,8756.79
2020-10-08,misc_net,8199.25
2020-10-08,misc_pos,5620.82
2020-10-08,personal_care,5572.2
2020-10-08,shopping_net,9414.63
2020-10-08,shopping_pos,13904.55
2020-10-08,travel,5721.38
2020-10-09,entertainment,9425.01
2020-10-09,food_dining,6220.43
2020-10-09,gas_transport,12537.38
2020-10-09,grocery_net,3366.82
2020-10-09,grocery_pos,19942.92
2020-10-09,health_fitness,7772.83
2020-10-09,home,10204.11
2020-10-09,kids_pets,9896.48
2020-10-09,misc_net,8888.48
2020-10-09,misc_pos,5494.83
2020-10-09,personal_care,7142.62
2020-10-09,shopping_net,8131.51
2020-10-09,shopping_pos,13705.44
2020-10-09,travel,2415.67
2020-10-10,entertainment,7688.11
2020-10-10,food_dining,7178.08
2020-10-10,gas_transport,10301.63
2020-10-10,grocery_net,3338.58
2020-10-10,grocery_pos,24558.09
2020-10-10,health_fitness,6438.63
2020-10-10,home,11113.87
2020-10-10,kids_pets,9952.26
2020-10-10,misc_net,9821.28
2020-10-10,misc_pos,9295.4
2020-10-10,personal_care,6062.36
2020-10-10,shopping_net,13137.25
2020-10-10,shopping_pos,17733.69
2020-10-10,travel,4672.32
2020-10-11,entertainment,12664.26
2020-10-11,food_dining,11357.16
2020-10-11,gas_transport,17815.1
2020-10-11,grocery_net,4218.22
2020-10-11,grocery_pos,32695.32
2020-10-11,health_fitness,9100.16
2020-10-11,home,16116.16
2020-10-11,kids_pets,12257.78
2020-10-11,misc_net,8799.24
2020-10-11,misc_pos,11299.53
2020-10-11,personal_care,9318.87
2020-10-11,shopping_net,15789.1
2020-10-11,shopping_pos,18793.69
2020-10-11,travel,4413.54
2020-10-12,entertainment,15897.37
2020-10-12,food_dining,10936.97
2020-10-12,gas_transport,19481.47
2020-10-12,grocery_net,6131.0
2020-10-12,grocery_pos,35162.41
2020-10-12,health_fitness,10961.03
2020-10-12,home,18283.81
2020-10-12,kids_pets,14713.11
2020-10-12,misc_net,11133.74
2020-10-12,misc_pos,17404.54
2020-10-12,personal_care,12108.88
2020-10-12,shopping_net,22766.72
2020-10-12,shopping_pos,24049.56
2020-10-12,travel,10929.63
2020-10-13,entertainment,15683.25
2020-10-13,food_dining,10032.15
2020-10-13,gas_transport,18033.25
2020-10-13,grocery_net,5566.42
2020-10-13,grocery_pos,33143.68
2020-10-13,health_fitness,11070.27
2020-10-13,home,17506.2
2020-10-13,kids_pets,14677.61
2020-10-13,misc_net,10913.06
2020-10-13,misc_pos,11040.08
2020-10-13,personal_care,11103.38
2020-10-13,shopping_net,14071.77
2020-10-13,shopping_pos,22649.67
2020-10-13,travel,13903.34
2020-10-14,entertainment,8194.36
2020-10-14,food_dining,5554.84
2020-10-14,gas_transport,9238.99
2020-10-14,grocery_net,3294.37
2020-10-14,grocery_pos,19012.59
2020-10-14,health_fitness,6272.17
2020-10-14,home,8793.2
2020-10-14,kids_pets,7943.92
2020-10-14,misc_net,8240.42
2020-10-14,misc_pos,6623.41
2020-10-14,personal_care,5625.7
2020-10-14,shopping_net,9036.4
2020-10-14,shopping_pos,9774.18
2020-10-14,travel,8894.21
2020-10-15,entertainment,8357.03
2020-10-15,food_dining,5614.67
2020-10-15,gas_transport,10190.92
2020-10-15,grocery_net,2410.46
2020-10-15,grocery_pos,17726.65
2020-10-15,health_fitness,8077.72
2020-10-15,home,8105.7
2020-10-15,kids_pets,8769.39
2020-10-15,misc_net,11306.35
2020-10-15,misc_pos,7550.22
2020-10-15,personal_care,5539.11
2020-10-15,shopping_net,12507.51
2020-10-15,shopping_pos,9992.460000000001
2020-10-15,travel,7490.84
2020-10-16,entertainment,8218.039999999999
2020-10-16,food_dining,6388.35
2020-10-16,gas_transport,11087.24
2020-10-16,grocery_net,4059.36
2020-10-16,grocery_pos,22102.62
2020-10-16,health_fitness,7605.3
2020-10-16,home,8940.74
2020-10-16,kids_pets,11523.47
2020-10-16,misc_net,10186.02
2020-10-16,misc_pos,8591.65
2020-10-16,personal_care,5385.29
2020-10-16,shopping_net,14860.7
2020-10-16,shopping_pos,16141.6
2020-10-16,travel,4143.7300000000005
2020-10-17,entertainment,9182.62
2020-10-17,food_dining,6065.99
2020-10-17,gas_transport,11899.28
2020-10-17,grocery_net,3427.7400000000002
2020-10-17,grocery_pos,23747.07
2020-10-17,health_fitness,7331.16
2020-10-17,home,10830.27
2020-10-17,kids_pets,9929.460000000001
2020-10-17,misc_net,8568.46
2020-10-17,misc_pos,6371.42
2020-10-17,personal_care,6690.39
2020-10-17,shopping_net,7763.43
2020-10-17,shopping_pos,16616.46
2020-10-17,travel,2751.61
2020-10-18,entertainment,12711.58
2020-10-18,food_dining,9677.05
2020-10-18,gas_transport,17109.18
2020-10-18,grocery_net,5421.06
2020-10-18,grocery_pos,26432.84
2020-10-18,health_fitness,10569.78
2020-10-18,home,16337.67
2020-10-18,kids_pets,13463.85
2020-10-18,misc_net,11494.56
2020-10-18,misc_pos,10519.03
2020-10-18,personal_care,8318.85
2020-10-18,shopping_net,18780.68
2020-10-18,shopping_pos,20940.08
2020-10-18,travel,3902.56
2020-10-19,entertainment,15127.81
2020-10-19,food_dining,11590.63
2020-10-19,gas_transport,21976.56
2020-10-19,grocery_net,5657.08
2020-10-19,grocery_pos,35599.86
2020-10-19,health_fitness,13344.57
2020-10-19,home,16562.39
2020-10-19,kids_pets,14634.41
2020-10-19,misc_net,13354.9
2020-10-19,misc_pos,11690.08
2020-10-19,personal_care,9449.25
2020-10-19,shopping_net,18484.94
2020-10-19,shopping_pos,20333.25
2020-10-19,travel,25153.379999999997
2020-10-20,entertainment,13503.4
2020-10-20,food_dining,10812.8
2020-10-20,gas_transport,18668.66
2020-10-20,grocery_net,6438.49
2020-10-20,grocery_pos,32195.29
2020-10-20,health_fitness,10708.85
2020-10-20,home,18539.48
2020-10-20,kids_pets,14610.15
2020-10-20,misc_net,10712.97
2020-10-20,misc_pos,13755.25
2020-10-20,personal_care,9778.62
2020-10-20,shopping_net,11300.89
2020-10-20,shopping_pos,25508.61
2020-10-20,travel,5887.14
2020-10-21,entertainment,7237.51
2020-10-21,food_dining,5325.69
2020-10-21,gas_transport,8885.67
2020-10-21,grocery_net,3159.51
2020-10-21,grocery_pos,17026.77
2020-10-21,health_fitness,5042.3099999999995
2020-10-21,home,8930.73
2020-10-21,kids_pets,7156.27
2020-10-21,misc_net,8417.78
2020-10-21,misc_pos,4680.68
2020-10-21,personal_care,6478.09
2020-10-21,shopping_net,8304.65
2020-10-21,shopping_pos,8817.25
2020-10-21,travel,3084.12
2020-10-22,entertainment,6492.25
2020-10-22,food_dining,7881.18
2020-10-22,gas_transport,10174.85
2020-10-22,grocery_net,3466.67
2020-10-22,grocery_pos,18222.56
2020-10-22,health_fitness,4128.35
2020-10-22,home,9327.21
2020-10-22,kids_pets,7055.85
2020-10-22,misc_net,6393.49
2020-10-22,misc_pos,5146.99
2020-10-22,personal_care,5206.6900000000005
2020-10-22,shopping_net,7695.6
2020-10-22,shopping_pos,13588.89
2020-10-22,travel,1890.28
2020-10-23,entertainment,7661.48
2020-10-23,food_dining,7422.72
2020-10-23,gas_transport,11520.64
2020-10-23,grocery_net,3749.07
2020-10-23,grocery_pos,22995.44
2020-10-23,health_fitness,6626.63
2020-10-23,home,11443.92
2020-10-23,kids_pets,10457.57
2020-10-23,misc_net,6592.33
2020-10-23,misc_pos,7167.06
2020-10-23,personal_care,6327.89
2020-10-23,shopping_net,13083.08
2020-10-23,shopping_pos,12758.98
2020-10-23,travel,7300.95
2020-10-24,entertainment,5674.42
2020-10-24,food_dining,6765.03
2020-10-24,gas_transport,11497.23
2020-10-24,grocery_net,3035.58
2020-10-24,grocery_pos,21003.79
2020-10-24,health_fitness,5701.29
2020-10-24,home,10762.61
2020-10-24,kids_pets,8199.96
2020-10-24,misc_net,5905.65
2020-10-24,misc_pos,5183.54
2020-10-24,personal_care,5597.36
2020-10-24,shopping_net,17336.85
2020-10-24,shopping_pos,20415.4
2020-10-24,travel,12988.61
2020-10-25,entertainment,14395.5
2020-10-25,food_dining,9562.62
2020-10-25,gas_transport,15646.12
2020-10-25,grocery_net,5425.96
2020-10-25,grocery_pos,29247.16
2020-10-25,health_fitness,9489.29
2020-10-25,home,16071.53
2020-10-25,kids_pets,13134.27
2020-10-25,misc_net,16379.13
2020-10-25,misc_pos,9778.77
2020-10-25,personal_care,10038.54
2020-10-25,shopping_net,29294.97
2020-10-25,shopping_pos,17306.47
2020-10-25,travel,3022.24
2020-10-26,entertainment,14179.83
2020-10-26,food_dining,11236.39
2020-10-26,gas_transport,22473.67
2020-10-26,grocery_net,6132.93
2020-10-26,grocery_pos,33628.47
2020-10-26,health_fitness,12219.18
2020-10-26,home,16802.61
2020-10-26,kids_pets,15344.14
2020-10-26,misc_net,12401.76
2020-10-26,misc_pos,10765.55
2020-10-26,personal_care,12306.87
2020-10-26,shopping_net,23924.350000000002
2020-10-26,shopping_pos,23945.67
2020-10-26,travel,9727.82
2020-10-27,entertainment,12702.68
2020-10-27,food_dining,11381.45
2020-10-27,gas_transport,20693.57
2020-10-27,grocery_net,6861.68
2020-10-27,grocery_pos,35278.75
2020-10-27,health_fitness,12221.16
2020-10-27,home,17729.9
2020-10-27,kids_pets,13863.79
2020-10-27,misc_net,13350.51
2020-10-27,misc_pos,18008.06
2020-10-27,personal_care,9430.85
2020-10-27,shopping_net,20115.69
2020-10-27,shopping_pos,16903.5
2020-10-27,travel,7900.61
2020-10-28,entertainment,6858.46
2020-10-28,food_dining,6320.57
2020-10-28,gas_transport,10508.84
2020-10-28,grocery_net,2925.67
2020-10-28,grocery_pos,17067.67
2020-10-28,health_fitness,5654.45
2020-10-28,home,8531.83
2020-10-28,kids_pets,6901.91
2020-10-28,misc_net,3621.3
2020-10-28,misc_pos,5871.25
2020-10-28,personal_care,6686.72
2020-10-28,shopping_net,3033.84
2020-10-28,shopping_pos,9618.99
2020-10-28,travel,2486.12
2020-10-29,entertainment,7947.14
2020-10-29,food_dining,7317.61
2020-10-29,gas_transport,11122.94
2020-10-29,grocery_net,3114.87
2020-10-29,grocery_pos,20369.05
2020-10-29,health_fitness,4785.46
2020-10-29,home,9208.23
2020-10-29,kids_pets,7871.81
2020-10-29,misc_net,4430.67
2020-10-29,misc_pos,7831.97
2020-10-29,personal_care,6478.1
2020-10-29,shopping_net,11594.94
2020-10-29,shopping_pos,10403.35
2020-10-29,travel,2953.78
2020-10-30,entertainment,9619.94
2020-10-30,food_dining,7307.2300000000005
2020-10-30,gas_transport,12766.48
2020-10-30,grocery_net,4113.3
2020-10-30,grocery_pos,20553.54
2020-10-30,health_fitness,5882.32
2020-10-30,home,9903.41
2020-10-30,kids_pets,10137.09
2020-10-30,misc_net,9259.36
2020-10-30,misc_pos,6348.9800000000005
2020-10-30,personal_care,7062.19
2020-10-30,shopping_net,15477.039999999999
2020-10-30,shopping_pos,12084.25
2020-10-30,travel,15107.87
2020-10-31,entertainment,8087.25
2020-10-31,food_dining,6370.57
2020-10-31,gas_transport,12529.15
2020-10-31,grocery_net,4040.54
2020-10-31,grocery_pos,22382.04
2020-10-31,health_fitness,6768.389999999999
2020-10-31,home,10090.1
2020-10-31,kids_pets,9168.19
2020-10-31,misc_net,6395.42
2020-10-31,misc_pos,4892.91
2020-10-31,personal_care,5953.87
2020-10-31,shopping_net,19230.68
2020-10-31,shopping_pos,14132.83
2020-10-31,travel,6421.349999999999
2020-11-01,entertainment,11966.17
2020-11-01,food_dining,9885.37
2020-11-01,gas_transport,15694.18
2020-11-01,grocery_net,4644.56
2020-11-01,grocery_pos,30314.5
2020-11-01,health_fitness,10263.23
2020-11-01,home,19137.15
2020-11-01,kids_pets,13674.36
2020-11-01,misc_net,12410.32
2020-11-01,misc_pos,10213.36
2020-11-01,personal_care,9189.44
2020-11-01,shopping_net,18708.46
2020-11-01,shopping_pos,17998.21
2020-11-01,travel,7946.73
2020-11-02,entertainment,13244.06
2020-11-02,food_dining,11328.13
2020-11-02,gas_transport,20039.03
2020-11-02,grocery_net,5659.33
2020-11-02,grocery_pos,34056.83
2020-11-02,health_fitness,9901.55
2020-11-02,home,16028.71
2020-11-02,kids_pets,13954.84
2020-11-02,misc_net,13491.15
2020-11-02,misc_pos,15079.039999999999
2020-11-02,personal_care,11612.64
2020-11-02,shopping_net,13878.9
2020-11-02,shopping_pos,22212.09
2020-11-02,travel,8459.630000000001
2020-11-03,entertainment,15304.77
2020-11-03,food_dining,10308.24
2020-11-03,gas_transport,20976.04
2020-11-03,grocery_net,5814.25
2020-11-03,grocery_pos,34373.86
2020-11-03,health_fitness,9191.84
2020-11-03,home,16879.71
2020-11-03,kids_pets,17232.73
2020-11-03,misc_net,10888.87
2020-11-03,misc_pos,11556.86
2020-11-03,personal_care,10749.17
2020-11-03,shopping_net,15239.72
2020-11-03,shopping_pos,22885.63
2020-11-03,travel,14487.85
2020-11-04,entertainment,6213.01
2020-11-04,food_dining,4249.59
2020-11-04,gas_transport,9493.09
2020-11-04,grocery_net,2500.92
2020-11-04,grocery_pos,16140.43
2020-11-04,health_fitness,4055.38
2020-11-04,home,8736.61
2020-11-04,kids_pets,8469.31
2020-11-04,misc_net,7683.09
2020-11-04,misc_pos,7107.26
2020-11-04,personal_care,5331.57
2020-11-04,shopping_net,11974.02
2020-11-04,shopping_pos,13593.92
2020-11-04,travel,1666.53
2020-11-05,entertainment,7401.09
2020-11-05,food_dining,5410.48
2020-11-05,gas_transport,9263.19
2020-11-05,grocery_net,3110.62
2020-11-05,grocery_pos,17760.18
2020-11-05,health_fitness,5673.64
2020-11-05,home,9952.2
2020-11-05,kids_pets,7465.23
2020-11-05,misc_net,10813.19
2020-11-05,misc_pos,7309.82
2020-11-05,personal_care,5540.1
2020-11-05,shopping_net,9080.25
2020-11-05,shopping_pos,12690.710000000001
2020-11-05,travel,4274.09
2020-11-06,entertainment,8317.6
2020-11-06,food_dining,6186.45
2020-11-06,gas_transport,11831.09
2020-11-06,grocery_net,2927.01
2020-11-06,grocery_pos,22624.12
2020-11-06,health_fitness,5135.98
2020-11-06,home,10684.29
2020-11-06,kids_pets,8857.48
2020-11-06,misc_net,4124.2699999999995
2020-11-06,misc_pos,6225.92
2020-11-06,personal_care,7281.3
2020-11-06,shopping_net,12735.36
2020-11-06,shopping_pos,8794.63
2020-11-06,travel,12203.560000000001
2020-11-07,entertainment,8718.54
2020-11-07,food_dining,6183.32
2020-11-07,gas_transport,13200.23
2020-11-07,grocery_net,3732.77
2020-11-07,grocery_pos,19968.47
2020-11-07,health_fitness,7579.1900000000005
2020-11-07,home,8179.4400000000005
2020-11-07,kids_pets,11509.31
2020-11-07,misc_net,9701.93
2020-11-07,misc_pos,7411.55
2020-11-07,personal_care,6455.18
2020-11-07,shopping_net,12205.76
2020-11-07,shopping_pos,14738.21
2020-11-07,travel,2653.5
2020-11-08,entertainment,13044.74
2020-11-08,food_dining,8801.01
2020-11-08,gas_transport,18922.09
2020-11-08,grocery_net,5342.96
2020-11-08,grocery_pos,28276.36
2020-11-08,health_fitness,10322.75
2020-11-08,home,16710.72
2020-11-08,kids_pets,13413.52
2020-11-08,misc_net,8979.99
2020-11-08,misc_pos,11144.03
2020-11-08,personal_care,8699.89
2020-11-08,shopping_net,21513.31
2020-11-08,shopping_pos,18917.35
2020-11-08,travel,6508.25
2020-11-09,entertainment,16623.68
2020-11-09,food_dining,12644.67
2020-11-09,gas_transport,22405.88
2020-11-09,grocery_net,5755.58
2020-11-09,grocery_pos,35909.56
2020-11-09,health_fitness,11281.23
2020-11-09,home,18088.98
2020-11-09,kids_pets,18341.48
2020-11-09,misc_net,14466.71
2020-11-09,misc_pos,15634.33
2020-11-09,personal_care,10861.2
2020-11-09,shopping_net,13871.83
2020-11-09,shopping_pos,20928.1
2020-11-09,travel,9965.37
2020-11-10,entertainment,14586.45
2020-11-10,food_dining,11215.58
2020-11-10,gas_transport,21850.65
2020-11-10,grocery_net,6160.08
2020-11-10,grocery_pos,31750.59
2020-11-10,health_fitness,10857.09
2020-11-10,home,17897.81
2020-11-10,kids_pets,17160.670000000002
2020-11-10,misc_net,10646.28
2020-11-10,misc_pos,12808.06
2020-11-10,personal_care,10124.02
2020-11-10,shopping_net,21056.78
2020-11-10,shopping_pos,24214.1
2020-11-10,travel,9344.19
2020-11-11,entertainment,6471.2699999999995
2020-11-11,food_dining,5346.33
2020-11-11,gas_transport,9133.95
2020-11-11,grocery_net,3408.58
2020-11-11,grocery_pos,15196.31
2020-11-11,health_fitness,4719.3
2020-11-11,home,8031.31
2020-11-11,kids_pets,8106.26
2020-11-11,misc_net,5853.9400000000005
2020-11-11,misc_pos,4686.8
2020-11-11,personal_care,5420.65
2020-11-11,shopping_net,7565.8
2020-11-11,shopping_pos,9477.15
2020-11-11,travel,4033.2400000000002
2020-11-12,entertainment,9152.52
2020-11-12,food_dining,6221.74
2020-11-12,gas_transport,9353.6
2020-11-12,grocery_net,2749.2
2020-11-12,grocery_pos,18686.29
2020-11-12,health_fitness,4996.33
2020-11-12,home,9861.48
2020-11-12,kids_pets,8245.03
2020-11-12,misc_net,5372.3
2020-11-12,misc_pos,5671.87
2020-11-12,personal_care,6026.64
2020-11-12,shopping_net,6567.4800000000005
2020-11-12,shopping_pos,13143.93
2020-11-12,travel,2979.21
2020-11-13,entertainment,8402.03
2020-11-13,food_dining,6567.22
2020-11-13,gas_transport,13313.59
2020-11-13,grocery_net,3874.29
2020-11-13,grocery_pos,20894.86
2020-11-13,health_fitness,6277.07
2020-11-13,home,9702.56
2020-11-13,kids_pets,9208.9
2020-11-13,misc_net,8824.72
2020-11-13,misc_pos,8734.83
2020-11-13,personal_care,5246.56
2020-11-13,shopping_net,10824.86
2020-11-13,shopping_pos,11815.52
2020-11-13,travel,2789.0699999999997
2020-11-14,entertainment,8876.789999999999
2020-11-14,food_dining,6096.47
2020-11-14,gas_transport,10171.27
2020-11-14,grocery_net,3870.97
2020-11-14,grocery_pos,22915.37
2020-11-14,health_fitness,4988.76
2020-11-14,home,9223.34
2020-11-14,kids_pets,8674.13
2020-11-14,misc_net,6127.58
2020-11-14,misc_pos,7313.69
2020-11-14,personal_care,6732.83
2020-11-14,shopping_net,11361.62
2020-11-14,shopping_pos,14544.17
2020-11-14,travel,7242.24
2020-11-15,entertainment,11251.35
2020-11-15,food_dining,8406.39
2020-11-15,gas_transport,16884.08
2020-11-15,grocery_net,5822.38
2020-11-15,grocery_pos,32389.82
2020-11-15,health_fitness,11360.55
2020-11-15,home,13888.96
2020-11-15,kids_pets,13017.27
2020-11-15,misc_net,8191.64
2020-11-15,misc_pos,11891.81
2020-11-15,personal_care,9189.9
2020-11-15,shopping_net,11925.5
2020-11-15,shopping_pos,15702.66
2020-11-15,travel,6370.67
2020-11-16,entertainment,13089.6
2020-11-16,food_dining,12277.06
2020-11-16,gas_transport,19935.37
2020-11-16,grocery_net,6198.01
2020-11-16,grocery_pos,32392.39
2020-11-16,health_fitness,11252.36
2020-11-16,home,18117.45
2020-11-16,kids_pets,16718.8
2020-11-16,misc_net,10786.16
2020-11-16,misc_pos,11314.84
2020-11-16,personal_care,10966.27
2020-11-16,shopping_net,15455.7
2020-11-16,shopping_pos,26889.14
2020-11-16,travel,23072.079999999998
2020-11-17,entertainment,15027.41
2020-11-17,food_dining,11751.69
2020-11-17,gas_transport,20184.56
2020-11-17,grocery_net,6600.69
2020-11-17,grocery_pos,35200.63
2020-11-17,health_fitness,11143.24
2020-11-17,home,17418.68
2020-11-17,kids_pets,14364.87
2020-11-17,misc_net,6213.88
2020-11-17,misc_pos,7130.65
2020-11-17,personal_care,9370.51
2020-11-17,shopping_net,15015.26
2020-11-17,shopping_pos,13446.15
2020-11-17,travel,9968.470000000001
2020-11-18,entertainment,6660.78
2020-11-18,food_dining,4971.8
2020-11-18,gas_transport,8377.76
2020-11-18,grocery_net,2076.73
2020-11-18,grocery_pos,16440.63
2020-11-18,health_fitness,5901.65
2020-11-18,home,9151.51
2020-11-18,kids_pets,9212.31
2020-11-18,misc_net,5134.9
2020-11-18,misc_pos,3824.89
2020-11-18,personal_care,4456.0
2020-11-18,shopping_net,15740.14
2020-11-18,shopping_pos,10076.88
2020-11-18,travel,2674.22
2020-11-19,entertainment,6145.61
2020-11-19,food_dining,6828.08
2020-11-19,gas_transport,11148.43
2020-11-19,grocery_net,3539.72
2020-11-19,grocery_pos,18219.31
2020-11-19,health_fitness,5270.5
2020-11-19,home,9242.77
2020-11-19,kids_pets,9820.460000000001
2020-11-19,misc_net,10414.69
2020-11-19,misc_pos,4854.38
2020-11-19,personal_care,5342.35
2020-11-19,shopping_net,8328.71
2020-11-19,shopping_pos,13246.300000000001
2020-11-19,travel,3779.48
2020-11-20,entertainment,9982.39
2020-11-20,food_dining,6118.16
2020-11-20,gas_transport,11282.76
2020-11-20,grocery_net,3529.5099999999998
2020-11-20,grocery_pos,20331.0
2020-11-20,health_fitness,6254.43
2020-11-20,home,10837.38
2020-11-20,kids_pets,9440.71
2020-11-20,misc_net,10689.2
2020-11-20,misc_pos,6826.22
2020-11-20,personal_care,6200.7
2020-11-20,shopping_net,13775.39
2020-11-20,shopping_pos,15103.35
2020-11-20,travel,7998.83
2020-11-21,entertainment,8510.22
2020-11-21,food_dining,6870.24
2020-11-21,gas_transport,12274.66
2020-11-21,grocery_net,3590.54
2020-11-21,grocery_pos,22610.28
2020-11-21,health_fitness,6401.13
2020-11-21,home,9831.539999999999
2020-11-21,kids_pets,9237.31
2020-11-21,misc_net,5803.03
2020-11-21,misc_pos,5529.76
2020-11-21,personal_care,5090.8
2020-11-21,shopping_net,9224.2
2020-11-21,shopping_pos,13782.59
2020-11-21,travel,7544.72
2020-11-22,entertainment,10245.84
2020-11-22,food_dining,9617.67
2020-11-22,gas_transport,18427.58
2020-11-22,grocery_net,5920.78
2020-11-22,grocery_pos,30622.96
2020-11-22,health_fitness,9159.22
2020-11-22,home,15044.5
2020-11-22,kids_pets,12741.28
2020-11-22,misc_net,7781.46
2020-11-22,misc_pos,13762.34
2020-11-22,personal_care,8833.289999999999
2020-11-22,shopping_net,14564.869999999999
2020-11-22,shopping_pos,19239.91
2020-11-22,travel,8909.12
2020-11-23,entertainment,16824.82
2020-11-23,food_dining,12171.79
2020-11-23,gas_transport,21498.16
2020-11-23,grocery_net,5450.52
2020-11-23,grocery_pos,35482.22
2020-11-23,health_fitness,11928.94
2020-11-23,home,15431.07
2020-11-23,kids_pets,15380.87
2020-11-23,misc_net,11809.32
2020-11-23,misc_pos,12084.03
2020-11-23,personal_care,10127.76
2020-11-23,shopping_net,27502.579999999998
2020-11-23,shopping_pos,26263.89
2020-11-23,travel,6013.84
2020-11-24,entertainment,14136.68
2020-11-24,food_dining,12803.08
2020-11-24,gas_transport,18778.64
2020-11-24,grocery_net,5365.5
2020-11-24,grocery_pos,32742.98
2020-11-24,health_fitness,10238.32
2020-11-24,home,15571.83
2020-11-24,kids_pets,14588.84
2020-11-24,misc_net,18964.84
2020-11-24,misc_pos,11259.06
2020-11-24,personal_care,9724.51
2020-11-24,shopping_net,16404.08
2020-11-24,shopping_pos,18262.75
2020-11-24,travel,21599.77
2020-11-25,entertainment,7575.87
2020-11-25,food_dining,5124.81
2020-11-25,gas_transport,9187.41
2020-11-25,grocery_net,2578.34
2020-11-25,grocery_pos,18144.37
2020-11-25,health_fitness,5777.34
2020-11-25,home,8352.87
2020-11-25,kids_pets,7638.1900000000005
2020-11-25,misc_net,5071.84
2020-11-25,misc_pos,5960.84
2020-11-25,personal_care,4647.96
2020-11-25,shopping_net,10310.23
2020-11-25,shopping_pos,17993.57
2020-11-25,travel,6099.68
2020-11-26,entertainment,8420.03
2020-11-26,food_dining,5637.3
2020-11-26,gas_transport,9846.0
2020-11-26,grocery_net,3510.08
2020-11-26,grocery_pos,20703.14
2020-11-26,health_fitness,5544.49
2020-11-26,home,8605.68
2020-11-26,kids_pets,8672.48
2020-11-26,misc_net,10583.84
2020-11-26,misc_pos,6596.97
2020-11-26,personal_care,7308.32
2020-11-26,shopping_net,13069.27
2020-11-26,shopping_pos,13974.51
2020-11-26,travel,5857.19
2020-11-27,entertainment,8159.71
2020-11-27,food_dining,5835.24
2020-11-27,gas_transport,12567.4
2020-11-27,grocery_net,4065.82
2020-11-27,grocery_pos,20963.02
2020-11-27,health_fitness,7578.81
2020-11-27,home,10836.85
2020-11-27,kids_pets,9763.53
2020-11-27,misc_net,7939.69
2020-11-27,misc_pos,7056.18
2020-11-27,personal_care,4959.35
2020-11-27,shopping_net,15967.41
2020-11-27,shopping_pos,14799.55
2020-11-27,travel,26595.859999999997
2020-11-28,entertainment,7149.97
2020-11-28,food_dining,6102.04
2020-11-28,gas_transport,12354.19
2020-11-28,grocery_net,3825.64
2020-11-28,grocery_pos,18943.75
2020-11-28,health_fitness,7572.6
2020-11-28,home,9195.35
2020-11-28,kids_pets,9308.94
2020-11-28,misc_net,10267.94
2020-11-28,misc_pos,5944.8
2020-11-28,personal_care,6362.52
2020-11-28,shopping_net,9820.35
2020-11-28,shopping_pos,10251.63
2020-11-28,travel,2594.96
2020-11-29,entertainment,14331.59
2020-11-29,food_dining,9557.05
2020-11-29,gas_transport,17190.52
2020-11-29,grocery_net,5838.83
2020-11-29,grocery_pos,28381.920000000002
2020-11-29,health_fitness,8942.47
2020-11-29,home,14545.77
2020-11-29,kids_pets,12625.8
2020-11-29,misc_net,7965.32
2020-11-29,misc_pos,9637.08
2020-11-29,personal_care,8546.52
2020-11-29,shopping_net,11357.42
2020-11-29,shopping_pos,16923.06
2020-11-29,travel,4133.99
2020-11-30,entertainment,30514.25
2020-11-30,food_dining,22660.25
2020-11-30,gas_transport,40792.36
2020-11-30,grocery_net,11796.61
2020-11-30,grocery_pos,69015.2
2020-11-30,health_fitness,22394.6
2020-11-30,home,33796.28
2020-11-30,kids_pets,29836.56
2020-11-30,misc_net,22520.05
2020-11-30,misc_pos,21020.5
2020-11-30,personal_care,22504.54
2020-11-30,shopping_net,35632.07
2020-11-30,shopping_pos,40941.25
2020-11-30,travel,21032.47
2020-12-01,entertainment,31056.49
2020-12-01,food_dining,21544.95
2020-12-01,gas_transport,39563.22
2020-12-01,grocery_net,11748.31
2020-12-01,grocery_pos,67355.71
2020-12-01,health_fitness,23066.79
2020-12-01,home,33785.04
2020-12-01,kids_pets,33468.35
2020-12-01,misc_net,19290.61
2020-12-01,misc_pos,20743.53
2020-12-01,personal_care,19749.73
2020-12-01,shopping_net,36583.18
2020-12-01,shopping_pos,42253.38
2020-12-01,travel,21500.21
2020-12-02,entertainment,16331.42
2020-12-02,food_dining,11691.24
2020-12-02,gas_transport,19574.02
2020-12-02,grocery_net,5674.1
2020-12-02,grocery_pos,30649.88
2020-12-02,health_fitness,10534.16
2020-12-02,home,14526.2
2020-12-02,kids_pets,13103.12
2020-12-02,misc_net,14715.11
2020-12-02,misc_pos,8812.85
2020-12-02,personal_care,8697.07
2020-12-02,shopping_net,16021.6
2020-12-02,shopping_pos,21182.36
2020-12-02,travel,7751.46
2020-12-03,entertainment,15039.52
2020-12-03,food_dining,9733.88
2020-12-03,gas_transport,22012.53
2020-12-03,grocery_net,6387.29
2020-12-03,grocery_pos,35050.36
2020-12-03,health_fitness,11039.34
2020-12-03,home,18629.89
2020-12-03,kids_pets,16999.25
2020-12-03,misc_net,8789.05
2020-12-03,misc_pos,14978.9
2020-12-03,personal_care,11281.92
2020-12-03,shopping_net,15826.63
2020-12-03,shopping_pos,23993.18
2020-12-03,travel,6609.92
2020-12-04,entertainment,17192.27
2020-12-04,food_dining,12348.15
2020-12-04,gas_transport,25030.6
2020-12-04,grocery_net,6819.46
2020-12-04,grocery_pos,42698.02
2020-12-04,health_fitness,13041.41
2020-12-04,home,20446.83
2020-12-04,kids_pets,17154.52
2020-12-04,misc_net,10492.16
2020-12-04,misc_pos,10287.56
2020-12-04,personal_care,13639.06
2020-12-04,shopping_net,21618.38
2020-12-04,shopping_pos,25910.59
2020-12-04,travel,11255.75
2020-12-05,entertainment,18024.14
2020-12-05,food_dining,14133.43
2020-12-05,gas_transport,23768.69
2020-12-05,grocery_net,6633.31
2020-12-05,grocery_pos,44442.07
2020-12-05,health_fitness,13639.98
2020-12-05,home,20702.93
2020-12-05,kids_pets,18195.89
2020-12-05,misc_net,15455.9
2020-12-05,misc_pos,13689.91
2020-12-05,personal_care,12824.35
2020-12-05,shopping_net,17937.46
2020-12-05,shopping_pos,22524.29
2020-12-05,travel,8445.880000000001
2020-12-06,entertainment,24508.34
2020-12-06,food_dining,17721.61
2020-12-06,gas_transport,34132.29
2020-12-06,grocery_net,10682.64
2020-12-06,grocery_pos,59977.21
2020-12-06,health_fitness,20249.37
2020-12-06,home,29549.53
2020-12-06,kids_pets,25954.37
2020-12-06,misc_net,19408.94
2020-12-06,misc_pos,22524.46
2020-12-06,personal_care,19562.3
2020-12-06,shopping_net,45107.9
2020-12-06,shopping_pos,47052.12
2020-12-06,travel,24488.44
2020-12-07,entertainment,29511.38
2020-12-07,food_dining,22976.46
2020-12-07,gas_transport,41425.98
2020-12-07,grocery_net,13114.26
2020-12-07,grocery_pos,66351.08
2020-12-07,health_fitness,27485.44
2020-12-07,home,34502.48
2020-12-07,kids_pets,30545.66
2020-12-07,misc_net,20472.85
2020-12-07,misc_pos,27696.12
2020-12-07,personal_care,21239.579999999998
2020-12-07,shopping_net,39962.95
2020-12-07,shopping_pos,49126.83
2020-12-07,travel,26817.739999999998
2020-12-08,entertainment,26584.05
2020-12-08,food_dining,21987.53
2020-12-08,gas_transport,41824.93
2020-12-08,grocery_net,10823.18
2020-12-08,grocery_pos,67056.66
2020-12-08,health_fitness,19312.18
2020-12-08,home,37118.84
2020-12-08,kids_pets,30313.31
2020-12-08,misc_net,22623.35
2020-12-08,misc_pos,23635.39
2020-12-08,personal_care,20043.14
2020-12-08,shopping_net,36343.33
2020-12-08,shopping_pos,51431.22
2020-12-08,travel,15401.18
2020-12-09,entertainment,14072.74
2020-12-09,food_dining,9527.08
2020-12-09,gas_transport,19724.09
2020-12-09,grocery_net,6165.4
2020-12-09,grocery_pos,30747.31
2020-12-09,health_fitness,10713.68
2020-12-09,home,15126.3
2020-12-09,kids_pets,13261.82
2020-12-09,misc_net,15429.02
2020-12-09,misc_pos,7566.65
2020-12-09,personal_care,9327.14
2020-12-09,shopping_net,17587.92
2020-12-09,shopping_pos,21054.25
2020-12-09,travel,5076.99
2020-12-10,entertainment,13709.44
2020-12-10,food_dining,10943.31
2020-12-10,gas_transport,22692.59
2020-12-10,grocery_net,6203.55
2020-12-10,grocery_pos,42193.61
2020-12-10,health_fitness,11011.71
2020-12-10,home,20763.48
2020-12-10,kids_pets,17842.6
2020-12-10,misc_net,12723.14
2020-12-10,misc_pos,10948.56
2020-12-10,personal_care,12025.19
2020-12-10,shopping_net,12876.1
2020-12-10,shopping_pos,19317.29
2020-12-10,travel,24102.48
2020-12-11,entertainment,18071.59
2020-12-11,food_dining,14148.38
2020-12-11,gas_transport,24161.23
2020-12-11,grocery_net,6584.45
2020-12-11,grocery_pos,42294.75
2020-12-11,health_fitness,10197.35
2020-12-11,home,19935.81
2020-12-11,kids_pets,18893.24
2020-12-11,misc_net,13427.64
2020-12-11,misc_pos,15278.03
2020-12-11,personal_care,15013.77
2020-12-11,shopping_net,19200.18
2020-12-11,shopping_pos,27532.46
2020-12-11,travel,8765.05
2020-12-12,entertainment,16974.24
2020-12-12,food_dining,11466.61
2020-12-12,gas_transport,24726.13
2020-12-12,grocery_net,7099.07
2020-12-12,grocery_pos,41101.4
2020-12-12,health_fitness,13767.6
2020-12-12,home,18628.26
2020-12-12,kids_pets,19498.89
2020-12-12,misc_net,12392.71
2020-12-12,misc_pos,15395.48
2020-12-12,personal_care,14058.6
2020-12-12,shopping_net,21815.41
2020-12-12,shopping_pos,27514.95
2020-12-12,travel,7596.29
2020-12-13,entertainment,24052.84
2020-12-13,food_dining,17198.87
2020-12-13,gas_transport,37878.95
2020-12-13,grocery_net,10232.71
2020-12-13,grocery_pos,59589.72
2020-12-13,health_fitness,20558.4
2020-12-13,home,29133.22
2020-12-13,kids_pets,26162.34
2020-12-13,misc_net,18392.64
2020-12-13,misc_pos,20366.01
2020-12-13,personal_care,17085.26
2020-12-13,shopping_net,28617.35
2020-12-13,shopping_pos,36916.14
2020-12-13,travel,23438.69
2020-12-14,entertainment,28046.43
2020-12-14,food_dining,20978.09
2020-12-14,gas_transport,44556.41
2020-12-14,grocery_net,12295.95
2020-12-14,grocery_pos,64933.73
2020-12-14,health_fitness,21533.23
2020-12-14,home,31729.96
2020-12-14,kids_pets,31736.9
2020-12-14,misc_net,29310.45
2020-12-14,misc_pos,29514.04
2020-12-14,personal_care,20484.45
2020-12-14,shopping_net,41367.7
2020-12-14,shopping_pos,46431.58
2020-12-14,travel,26721.3
2020-12-15,entertainment,24594.26
2020-12-15,food_dining,21857.66
2020-12-15,gas_transport,40291.79
2020-12-15,grocery_net,10547.37
2020-12-15,grocery_pos,64824.23
2020-12-15,health_fitness,22250.98
2020-12-15,home,35387.45
2020-12-15,kids_pets,32456.94
2020-12-15,misc_net,19234.37
2020-12-15,misc_pos,26091.38
2020-12-15,personal_care,20902.09
2020-12-15,shopping_net,36842.48
2020-12-15,shopping_pos,46932.57
2020-12-15,travel,34204.75
2020-12-16,entertainment,16399.53
2020-12-16,food_dining,11192.45
2020-12-16,gas_transport,19451.42
2020-12-16,grocery_net,5162.2
2020-12-16,grocery_pos,34357.18
2020-12-16,health_fitness,10547.48
2020-12-16,home,16904.1
2020-12-16,kids_pets,13570.47
2020-12-16,misc_net,9948.72
2020-12-16,misc_pos,14176.14
2020-12-16,personal_care,8981.14
2020-12-16,shopping_net,25590.97
2020-12-16,shopping_pos,15880.210000000001
2020-12-16,travel,27506.920000000002
2020-12-17,entertainment,15308.83
2020-12-17,food_dining,11807.62
2020-12-17,gas_transport,22152.31
2020-12-17,grocery_net,6400.9
2020-12-17,grocery_pos,33631.07
2020-12-17,health_fitness,12959.39
2020-12-17,home,18466.36
2020-12-17,kids_pets,18907.43
2020-12-17,misc_net,19549.83
2020-12-17,misc_pos,14261.85
2020-12-17,personal_care,10005.19
2020-12-17,shopping_net,18148.97
2020-12-17,shopping_pos,22215.76
2020-12-17,travel,20604.829999999998
2020-12-18,entertainment,21870.13
2020-12-18,food_dining,14099.28
2020-12-18,gas_transport,23621.84
2020-12-18,grocery_net,6427.31
2020-12-18,grocery_pos,46662.58
2020-12-18,health_fitness,12094.54
2020-12-18,home,24083.66
2020-12-18,kids_pets,18750.38
2020-12-18,misc_net,11974.74
2020-12-18,misc_pos,18838.81
2020-12-18,personal_care,12437.0
2020-12-18,shopping_net,23890.52
2020-12-18,shopping_pos,20056.77
2020-12-18,travel,8641.92
2020-12-19,entertainment,13926.13
2020-12-19,food_dining,11414.59
2020-12-19,gas_transport,25328.829999999998
2020-12-19,grocery_net,7127.76
2020-12-19,grocery_pos,40022.6
2020-12-19,health_fitness,13788.58
2020-12-19,home,22359.01
2020-12-19,kids_pets,20770.15
2020-12-19,misc_net,11929.39
2020-12-19,misc_pos,15551.51
2020-12-19,personal_care,11213.86
2020-12-19,shopping_net,26069.82
2020-12-19,shopping_pos,27282.52
2020-12-19,travel,13462.470000000001
2020-12-20,entertainment,24710.16
2020-12-20,food_dining,18113.94
2020-12-20,gas_transport,35299.89
2020-12-20,grocery_net,8988.31
2020-12-20,grocery_pos,56376.6
2020-12-20,health_fitness,19228.51
2020-12-20,home,30514.94
2020-12-20,kids_pets,26238.82
2020-12-20,misc_net,19854.28
2020-12-20,misc_pos,23599.12
2020-12-20,personal_care,21257.46
2020-12-20,shopping_net,36306.99
2020-12-20,shopping_pos,33982.33
2020-12-20,travel,18959.66
2020-12-21,entertainment,30038.97
2020-12-21,food_dining,23371.58
2020-12-21,gas_transport,39186.68
2020-12-21,grocery_net,12141.9
2020-12-21,grocery_pos,67697.85
2020-12-21,health_fitness,22825.3
2020-12-21,home,37310.75
2020-12-21,kids_pets,32026.81
2020-12-21,misc_net,26160.15
2020-12-21,misc_pos,20858.43
2020-12-21,personal_care,21787.93
2020-12-21,shopping_net,39380.74
2020-12-21,shopping_pos,42295.94
2020-12-21,travel,32976.02
2020-12-22,entertainment,24558.47
2020-12-22,food_dining,19212.43
2020-12-22,gas_transport,41129.83
2020-12-22,grocery_net,12040.45
2020-12-22,grocery_pos,67199.73
2020-12-22,health_fitness,20553.09
2020-12-22,home,36821.58
2020-12-22,kids_pets,30889.4
2020-12-22,misc_net,18830.79
2020-12-22,misc_pos,18642.82
2020-12-22,personal_care,21495.37
2020-12-22,shopping_net,30950.01
2020-12-22,shopping_pos,35116.29
2020-12-22,travel,63039.270000000004
2020-12-23,entertainment,15811.37
2020-12-23,food_dining,10588.12
2020-12-23,gas_transport,20235.42
2020-12-23,grocery_net,7031.2
2020-12-23,grocery_pos,32727.7
2020-12-23,health_fitness,9748.45
2020-12-23,home,13640.47
2020-12-23,kids_pets,13290.15
2020-12-23,misc_net,13323.02
2020-12-23,misc_pos,10761.98
2020-12-23,personal_care,9734.12
2020-12-23,shopping_net,11596.22
2020-12-23,shopping_pos,16970.11
2020-12-23,travel,4792.53
2020-12-24,entertainment,15052.28
2020-12-24,food_dining,12207.1
2020-12-24,gas_transport,22243.38
2020-12-24,grocery_net,6531.81
2020-12-24,grocery_pos,34715.95
2020-12-24,health_fitness,10680.28
2020-12-24,home,16526.49
2020-12-24,kids_pets,15790.35
2020-12-24,misc_net,12869.85
2020-12-24,misc_pos,10944.96
2020-12-24,personal_care,10497.69
2020-12-24,shopping_net,12989.6
2020-12-24,shopping_pos,21704.01
2020-12-24,travel,8791.88
2020-12-25,entertainment,15955.14
2020-12-25,food_dining,12126.28
2020-12-25,gas_transport,23770.46
2020-12-25,grocery_net,7809.34
2020-12-25,grocery_pos,40038.72
2020-12-25,health_fitness,14097.45
2020-12-25,home,20537.26
2020-12-25,kids_pets,16738.28
2020-12-25,misc_net,12553.5
2020-12-25,misc_pos,15477.51
2020-12-25,personal_care,12325.81
2020-12-25,shopping_net,15737.0
2020-12-25,shopping_pos,26950.79
2020-12-25,travel,12352.54
2020-12-26,entertainment,15206.16
2020-12-26,food_dining,13619.68
2020-12-26,gas_transport,24514.72
2020-12-26,grocery_net,8737.45
2020-12-26,grocery_pos,41884.61
2020-12-26,health_fitness,13293.92
2020-12-26,home,21385.58
2020-12-26,kids_pets,18999.48
2020-12-26,misc_net,12592.4
2020-12-26,misc_pos,17110.78
2020-12-26,personal_care,12799.49
2020-12-26,shopping_net,24501.76
2020-12-26,shopping_pos,24327.51
2020-12-26,travel,8131.21
2020-12-27,entertainment,24443.79
2020-12-27,food_dining,19832.2
2020-12-27,gas_transport,34765.28
2020-12-27,grocery_net,9438.75
2020-12-27,grocery_pos,54936.37
2020-12-27,health_fitness,19071.62
2020-12-27,home,26466.46
2020-12-27,kids_pets,27182.24
2020-12-27,misc_net,19854.98
2020-12-27,misc_pos,26993.94
2020-12-27,personal_care,19174.43
2020-12-27,shopping_net,35141.01
2020-12-27,shopping_pos,30649.47
2020-12-27,travel,29925.3
2020-12-28,entertainment,27622.23
2020-12-28,food_dining,22405.95
2020-12-28,gas_transport,38940.83
2020-12-28,grocery_net,12530.96
2020-12-28,grocery_pos,67477.38
2020-12-28,health_fitness,20758.63
2020-12-28,home,32891.72
2020-12-28,kids_pets,31039.21
2020-12-28,misc_net,23733.07
2020-12-28,misc_pos,24461.62
2020-12-28,personal_care,23324.12
2020-12-28,shopping_net,32813.31
2020-12-28,shopping_pos,38281.74
2020-12-28,travel,16440.79
2020-12-29,entertainment,29710.61
2020-12-29,food_dining,23333.99
2020-12-29,gas_transport,40271.94
2020-12-29,grocery_net,11304.97
2020-12-29,grocery_pos,69031.69
2020-12-29,health_fitness,21029.24
2020-12-29,home,34016.33
2020-12-29,kids_pets,30527.74
2020-12-29,misc_net,21222.61
2020-12-29,misc_pos,24579.38
2020-12-29,personal_care,22659.79
2020-12-29,shopping_net,22885.02
2020-12-29,shopping_pos,54343.85
2020-12-29,travel,11706.369999999999
2020-12-30,entertainment,15180.11
2020-12-30,food_dining,8330.18
2020-12-30,gas_transport,17998.99
2020-12-30,grocery_net,6490.0
2020-12-30,grocery_pos,33315.76
2020-12-30,health_fitness,13136.78
2020-12-30,home,14384.62
2020-12-30,kids_pets,17363.13
2020-12-30,misc_net,9090.54
2020-12-30,misc_pos,10156.17
2020-12-30,personal_care,11920.52
2020-12-30,shopping_net,14968.82
2020-12-30,shopping_pos,19365.66
2020-12-30,travel,6855.12
2020-12-31,entertainment,14905.22
2020-12-31,food_dining,11250.54
2020-12-31,gas_transport,20857.9
2020-12-31,grocery_net,6287.77
2020-12-31,grocery_pos,35064.43
2020-12-31,health_fitness,12305.89
2020-12-31,home,19195.09
2020-12-31,kids_pets,17517.83
2020-12-31,misc_net,15917.58
2020-12-31,misc_pos,11388.89
2020-12-31,personal_care,11865.02
2020-12-31,shopping_net,15397.16
2020-12-31,shopping_pos,23334.45
2020-12-31,travel,10641.02
