"first","last","count"
"009b9295b66721c5c041ae33dda10bee","59830e37ce261d31ad0da0d5d270d0e1",221
"009b9295b66721c5c041ae33dda10bee","bfe50abf61f782af029924ba672c4888",431
"01d4848202a3c7697ec037b02b4ee4e8","67d36db472159fcb8c55e03a052bcb74",1375
"01d4848202a3c7697ec037b02b4ee4e8","75002fe48442a02a55971f48cebbe3e4",438
"01d4848202a3c7697ec037b02b4ee4e8","e5f8ab6b1f77663357002b2ae1046d8a",636
"0243676cad978f78d4f504e8dd07192f","3228635b89112e2c641f5e5cc44e19fe",1346
"0243676cad978f78d4f504e8dd07192f","ead9a0dc8ea4d64cd0b25c4bac8d9fd4",918
"02741b0009c596be71a2fbeda099af97","2042101ac1f6e7741bfe43f3672e6d7c",446
"02741b0009c596be71a2fbeda099af97","8c23b2b86573edf2a5ea482c2ccc1497",220
"02b75ddb896cc3296a00ed28a6457cf1","b1e9b36364c855fad4161cfb10d45735",834
"039afe7e4522ef3269eaf46f69efd9d4","467797bb7c3a6e5ab5a16bfee8686fd4",685
"039afe7e4522ef3269eaf46f69efd9d4","61afe3500e63950dcd1c0d2c132aa5db",641
"04b97f2a35d9e016a05f844ea3b94dd4","e557ac72c7aca182e8201938e6411e74",666
"0513a3da7ff53b1aeb42245ebcc5a16e","36b73508d151b2fc641e0c0265d3d360",1109
"0513a3da7ff53b1aeb42245ebcc5a16e","3cc8f90851cb7a6d40a0a8e9ea10fdb3",1074
"0513a3da7ff53b1aeb42245ebcc5a16e","9406e3c325bfc9873426e5eda4ba6e18",646
"0513a3da7ff53b1aeb42245ebcc5a16e","a863b870e878cbf52506af07bf162271",1275
"0513a3da7ff53b1aeb42245ebcc5a16e","c5a7f95c1a224da16f9926a72d4e28a7",1325
"0513a3da7ff53b1aeb42245ebcc5a16e","d840538de0ba0c58268e54a9a49f29ab",907
"0513a3da7ff53b1aeb42245ebcc5a16e","dbe1b614a066c9b2bb3d1f5127a9b43c",238
"0530b9b6a12155e2a3c969bf89777aef","e95f770ac4fb91ac2e4873e4b2dfc0e6",1334
"06475174d922e7dcbb3ed34c0236dbdf","0f17a9cd68b3d2b794a4c4638c1bd315",224
"06475174d922e7dcbb3ed34c0236dbdf","24770abfae60fdd99ec0cd4dfc3c1704",228
"06475174d922e7dcbb3ed34c0236dbdf","36aead113a2f282f2319a1dd120a3dbf",635
"06475174d922e7dcbb3ed34c0236dbdf","8a5d1c87313463f308338229eaa8d343",834
"06475174d922e7dcbb3ed34c0236dbdf","999a06f28346262ef9e1699d9fc1ab56",1315
"0842d80f5aaf22b71dc7d84e25bd1777","71fdacd5b1a48b94976ec2c4371f2413",201
"0856c8909a86b26ea153bf47b98b88f7","0f5b2f91cd5952a124b1a03c4f2c4b19",231
"0856c8909a86b26ea153bf47b98b88f7","19819b153eb0990c821bc106e34ab3e1",440
"0856c8909a86b26ea153bf47b98b88f7","b32b1b822dd59451b17b08f97fdfe81e",243
"0860cf806314c1f1ea14aaf90bc98e08","123e056ced36b8a3035e843b6e55ccf4",232
"08b7593cde74530e1db316e201363219","2042101ac1f6e7741bfe43f3672e6d7c",1129
"08b7593cde74530e1db316e201363219","ee9ac28f4f6231cb71766e4bde5a1ac8",239
"09084cc0cda34fd80bfa3cc0ae8fe3dc","1a79a39f343f2224748ec987ccf8431f",641
"09084cc0cda34fd80bfa3cc0ae8fe3dc","61b606952d604a6c28ed8d49f59ad1da",1261
"09084cc0cda34fd80bfa3cc0ae8fe3dc","91a026ab57eac2af3f191985dad8bd7a",1083
"09084cc0cda34fd80bfa3cc0ae8fe3dc","bf495fc048d8d44b7f32536df5cf3930",423
"092ebe465c6804f482e9af6a4a387116","0aa1d75411e9aaf6cc343fe2db470841",203
"092ebe465c6804f482e9af6a4a387116","1561da775579aeed13a3cc97040bf352",208
"092ebe465c6804f482e9af6a4a387116","8bd7a1153a88761ad9d37e2f2394c947",450
"092ebe465c6804f482e9af6a4a387116","91a026ab57eac2af3f191985dad8bd7a",644
"0aa2fb120f99430a82c8b47825532fd4","8af5693bc0d6757330a4d2c99025c430",896
"0aa7bd918421fadaa0b3458c8d06b30e","f87567f2159b425795ebb7ba9bc406ec",232
"103b6afbe6ffd90412b78364111181d8","9c0ca0cabbd78a5a02bf8447347eced5",673
"103b6afbe6ffd90412b78364111181d8","9f3ca3db2e5c7c503d93e3fc6e891969",240
"10606b87128fc256446b8a85affa2efa","4f926a3ab91943cda655a137b34ba61a",1308
"108419d6334f02a67b3d108f6db5c7c6","3dd9ab27e061fb4fab78e42511023a08",243
"131b98dac8609f781484f08c22a8abaa","1bf70a91b0b28b92dc52e03d45abf61a",446
"131b98dac8609f781484f08c22a8abaa","3228635b89112e2c641f5e5cc44e19fe",414
"131b98dac8609f781484f08c22a8abaa","6a1a376d8169cfc1835f59ac934edbb7",858
"131b98dac8609f781484f08c22a8abaa","be3a5f655d53a898d67bbf605933432b",211
"131b98dac8609f781484f08c22a8abaa","d24d17e38303040df00c574b151b424a",207
"1422fddcdaf1245ef49f4e8c3676e6ce","410f8051a15a4c16e5cdfccb9dbf547b",638
"150c16d9d096e70af3596111d7402397","19b904d9ebb639d2591c3e4a9c8ad5d5",1301
"161ae56fdee2cc16161e14ce86b5ecc8","328dc387fb8328ea7983b2e45fef0fbe",220
"161ae56fdee2cc16161e14ce86b5ecc8","e95f770ac4fb91ac2e4873e4b2dfc0e6",217
"16f86fd9e5e0a73ba9c1f15777d245cb","26cd1429f83099657157a24aa3e1d297",1112
"16f86fd9e5e0a73ba9c1f15777d245cb","a0d3d96de472782f8eec8368dce35308",646
"16f86fd9e5e0a73ba9c1f15777d245cb","f98fb670e47c7c2df9e47b17f9153319",442
"17ad55a9b8384777496330d23e59d520","67d36db472159fcb8c55e03a052bcb74",630
"17b847bbabf88e3e4512bd3cda49e5cc","27ac674b21d20cfc5ec1762892baafeb",887
"19015946b3aca2d5a43455af48b71c4e","bf1c3424826406ded44e04e28ace69f0",905
"19015946b3aca2d5a43455af48b71c4e","febe862bfdffb6fb3a5d38ffb0e09b54",1094
"1a8b8e54b53f63a8efae84e064373f19","92c0d04faca572533efaf20c0f6a6d90",232
"1b83d5da74032b6a750ef12210642eea","9a28a344c6922678a619e3bd512238f3",199
"1b9c61b2be5459aa3c193d0f224ea009","0dd9595a06e58854b3a4f971ea729267",259
"1b9c61b2be5459aa3c193d0f224ea009","8f2d58e32d065296e0ddcff5f6509a9f",1074
"1b9c61b2be5459aa3c193d0f224ea009","a98b2bf0a4f2e2be6b934a2174195cf3",1270
"1baa6ea4bbe2157449e60e88edb84cc1","3c31a642927cf90adfce8e94bc3ab80e",1314
"1baa6ea4bbe2157449e60e88edb84cc1","be3a5f655d53a898d67bbf605933432b",684
"1c0a11cc4ddc0dbd3fa4d77232a4e22e","065bf83977f14142a5f04aeca35f0c51",233
"1c0a11cc4ddc0dbd3fa4d77232a4e22e","0d2d8839e6d45edcb49b1627c676ea13",200
"1c0a11cc4ddc0dbd3fa4d77232a4e22e","c36625d53c05dff90990a0ee5d355bfd",715
"1c0a11cc4ddc0dbd3fa4d77232a4e22e","d1d89ac209ece9cbc7c5d5680de051a4",870
"1c2a5683ab5826555c175462eaa5e59a","49b4b9aca927350979c1d3e97a7cdf69",448
"1c2a5683ab5826555c175462eaa5e59a","61afe3500e63950dcd1c0d2c132aa5db",828
"1c2a5683ab5826555c175462eaa5e59a","c026548b7fa4b1f772f2f59374b93bba",878
"1c2a5683ab5826555c175462eaa5e59a","c0907128ec00b769ee486df096b861b6",242
"1c4f297ff8012fc249cb1d8ece9c76f8","81d6f316d169150d0e8733866c38684d",648
"1c4f297ff8012fc249cb1d8ece9c76f8","9af66892684f81bc726a6bfe871c2bf1",221
"1c4f297ff8012fc249cb1d8ece9c76f8","b94117a4f34d059415384d951ab529c9",887
"1c4f297ff8012fc249cb1d8ece9c76f8","e6892602a984c21896885135147205c6",645
"1cc477616bb182e87ec7285bfbf8c34b","b6757cdd9fc3411b298625530497bf8b",419
"1d21bab5796bbca2aa7ca27a1dd1418a","0af2884fd29ac4bed46fc56851d95768",1298
"1d21bab5796bbca2aa7ca27a1dd1418a","94b40efff5c2d35b6243784c88afe8c0",456
"1d21bab5796bbca2aa7ca27a1dd1418a","9c0ca0cabbd78a5a02bf8447347eced5",247
"1d21bab5796bbca2aa7ca27a1dd1418a","a0a1e71392fc13041b04f743c6727ca2",873
"1d21bab5796bbca2aa7ca27a1dd1418a","d719083f59856e34a37e2137e2241d80",209
"1f9516e858610148c44638a604e68f8f","59830e37ce261d31ad0da0d5d270d0e1",200
"1fc91e86962825bb745de53d1657b3e4","22d4f7165c629a9f4048f6e36c3bdecd",212
"2042101ac1f6e7741bfe43f3672e6d7c","2e54334c0a5ce2e3e5a5845df3ab3ada",627
"2042101ac1f6e7741bfe43f3672e6d7c","3cc8f90851cb7a6d40a0a8e9ea10fdb3",234
"2042101ac1f6e7741bfe43f3672e6d7c","4072cf2373b1ca66e02d698cc9d5493c",234
"2042101ac1f6e7741bfe43f3672e6d7c","412346f2a5efec347479f2b89d49483f",653
"2042101ac1f6e7741bfe43f3672e6d7c","61afe3500e63950dcd1c0d2c132aa5db",194
"2042101ac1f6e7741bfe43f3672e6d7c","ab31fef2cb48c49fb8b94021378dec74",619
"2042101ac1f6e7741bfe43f3672e6d7c","e76b449b9fc8536af7557ffa6321d269",692
"205e8b242d2cd224d007b0052fc991bd","046cb7a4cb27f5ba5d560c18e5233fdc",1081
"205e8b242d2cd224d007b0052fc991bd","a60d3f9476ca191da5f215b70065a54c",854
"20a8e429d58dfe01327b4e6f0a1cf05a","046cb7a4cb27f5ba5d560c18e5233fdc",209
"20f1aeb7819d7858684c898d1e98c1bb","212631b80d2d1153eba86248e06d0ced",206
"20f1aeb7819d7858684c898d1e98c1bb","2fa432abf7482e48c78ac5bb941aeae5",217
"20f1aeb7819d7858684c898d1e98c1bb","9c0ca0cabbd78a5a02bf8447347eced5",216
"215100b8b5e6639a7188c100ccb532ee","58091cd419f36b3852b27525492a5d46",640
"21fce892eb93a570082c873459130024","927682863dd7445e3bdc040e4cc7767f",651
"22d5d814d801d8b3e1a1c3fc36796de9","e95f770ac4fb91ac2e4873e4b2dfc0e6",635
"2344521e389d6897ae7af9abf16e7ccc","999a06f28346262ef9e1699d9fc1ab56",1072
"243f63354f4c1cc25d50f6269b844369","0edfd99ad72057d07ca45e03a385bc65",232
"243f63354f4c1cc25d50f6269b844369","4ce6d1a2e9b0147da770261d29a0174a",841
"243f63354f4c1cc25d50f6269b844369","af163ea0ef9d771d95ab98347a03a630",215
"245a58a5dc42397caf57bc06c2c0afd2","1edd72fe0c8e1c96cc01b13cf03b11de",920
"24dbc2b917472b089a5052b23f11f30f","2660064e68655415da2628c2ae2f7592",218
"24dbc2b917472b089a5052b23f11f30f","7013dd8caf235788ddedee06ff8ad0ed",905
"24dbc2b917472b089a5052b23f11f30f","bf8413517bd150c6f939d01a0f371302",634
"24dbc2b917472b089a5052b23f11f30f","f2b0c941386d021c0b41e97811517411",1094
"262031397020fd8df478ec13b4b096c5","49a80f3165286efbfccae9ef30b2926c",1099
"262031397020fd8df478ec13b4b096c5","4f6ec68ae65123ed9fadd77c07ca8126",654
"262031397020fd8df478ec13b4b096c5","5253944e53d9f23989476b720002ed5b",1096
"262031397020fd8df478ec13b4b096c5","59830e37ce261d31ad0da0d5d270d0e1",438
"262031397020fd8df478ec13b4b096c5","67d36db472159fcb8c55e03a052bcb74",427
"262031397020fd8df478ec13b4b096c5","7a3b015f4c73bf6ab77d02dffef3420a",222
"262031397020fd8df478ec13b4b096c5","954950e7b11cb5d835b321e309542898",642
"262031397020fd8df478ec13b4b096c5","e85e1d1b9283d209ac9a61104cc023eb",431
"262031397020fd8df478ec13b4b096c5","f0ae03444ee2340f20cee6a53cebc0ab",874
"276cc5bec13864aaf92e0261f715f592","7e0e7ac2a199e8e2ecb30499a3b2153c",223
"27adb0b3f92d9b8f7fa4cb55b60114cc","58da3cd31090edfa3b22657b6faf132c",220
"27adb0b3f92d9b8f7fa4cb55b60114cc","8f2d58e32d065296e0ddcff5f6509a9f",669
"27adb0b3f92d9b8f7fa4cb55b60114cc","a699a3ea1fce47dd9988f5702a287609",215
"28527cdbcc65c696f11897327cb9a6bb","61afe3500e63950dcd1c0d2c132aa5db",220
"28527cdbcc65c696f11897327cb9a6bb","ae11521301ed4006c5e7ae330314fd66",897
"28527cdbcc65c696f11897327cb9a6bb","e9f082ad6fbf3705c7041bd335354814",10
"28d34f2e053dee2c0e9399a7924cd978","27adb0b3f92d9b8f7fa4cb55b60114cc",881
"28d34f2e053dee2c0e9399a7924cd978","57018edc1773d7dd8e57fe450f504873",247
"28d34f2e053dee2c0e9399a7924cd978","f94e25a141fb0525bb8f9282aeb4a8a9",660
"28e008c36902c6d100067b3734678b7d","0db7e7a347aaa68a26218df2a01c99c6",878
"28e008c36902c6d100067b3734678b7d","2042101ac1f6e7741bfe43f3672e6d7c",211
"28e5481a80aa2bd18c8cf35d0495980a","3aa4584e547efba20238772d4af5c03d",1086
"28e5481a80aa2bd18c8cf35d0495980a","999a06f28346262ef9e1699d9fc1ab56",214
"28e5481a80aa2bd18c8cf35d0495980a","9d4ee6dd564c9ac14eb6be02091a9224",413
"28e5481a80aa2bd18c8cf35d0495980a","a97fedbce30ecfbc5f77f23789b0ee00",1072
"28e5481a80aa2bd18c8cf35d0495980a","bc28af6f750004729474ccbb403bd0ee",216
"28e5481a80aa2bd18c8cf35d0495980a","be3a5f655d53a898d67bbf605933432b",682
"28e5481a80aa2bd18c8cf35d0495980a","e76b449b9fc8536af7557ffa6321d269",219
"28f719c89ef7f33ce2e178490676b5ab","06ec9b882ad1602e1461e2d870a05e8e",425
"28f719c89ef7f33ce2e178490676b5ab","1b6ecd67f81e2b0afdd6b0efb432255c",897
"28f719c89ef7f33ce2e178490676b5ab","b6b0a0c468b75b4fe18ecd6e18e7d374",426
"2964815d03a032c8ca37ac5d557647dd","0edfd99ad72057d07ca45e03a385bc65",656
"2964815d03a032c8ca37ac5d557647dd","3228635b89112e2c641f5e5cc44e19fe",441
"29e00d3659d1c5e75f99e892f0c1a1f1","046cb7a4cb27f5ba5d560c18e5233fdc",649
"2ab45b80a312bb97190187c6f66fdd58","2661b408da2bfe8e0e62a16cf42967c3",652
"2ab45b80a312bb97190187c6f66fdd58","9f81a90c36dd3c60ff06f3c800ae4c1b",683
"2b027d7eda9fc16d68420a62aaa10a18","c1d650b2c90c2a2716c61d1236fb4681",218
"2b027d7eda9fc16d68420a62aaa10a18","ed63fc91500594c3086714f86b3001e4",444
"2b4d861cb86e631fced13c000c318323","04a7eed647c8f930795089df237f4495",232
"2b4d861cb86e631fced13c000c318323","3aa4584e547efba20238772d4af5c03d",879
"2b4d861cb86e631fced13c000c318323","3c31a642927cf90adfce8e94bc3ab80e",691
"2b4d861cb86e631fced13c000c318323","dd1f532c6b7ab2b9742af79b4966c859",1403
"2c189daaf59521812364f9c340402b92","a97fedbce30ecfbc5f77f23789b0ee00",683
"2c189daaf59521812364f9c340402b92","febe862bfdffb6fb3a5d38ffb0e09b54",900
"2d4355a3595bb5ed011036821041b680","cd5767f9b66ad75c0670ce41a8db67bb",428
"2e442d9bae67dbe9b4e4eb0ce93c0028","8f2d58e32d065296e0ddcff5f6509a9f",637
"2fde527993887e4946b3d77ea32d079c","20f1aeb7819d7858684c898d1e98c1bb",231
"2fde527993887e4946b3d77ea32d079c","f9dc77cece7fa16f6edd2d1d64853e4b",231
"302b7e1d756bf5b518660fe5c41b87f9","f3e3016c9f958241aff430cf4941fae3",218
"35ad6bb780b673346fd07409b0032caf","190782b4bc9ba3d17119c178943207e5",216
"36d5589ee90c25a94d90ffed48a1d4cf","72626c2e45e149d005a0d408e80dcfea",1293
"37905b9b4fdb8fa311b30448254d51fe","53cfbe4334e1550bd5201dfffb627317",842
"37905b9b4fdb8fa311b30448254d51fe","b6757cdd9fc3411b298625530497bf8b",875
"37905b9b4fdb8fa311b30448254d51fe","d719083f59856e34a37e2137e2241d80",852
"386057cf88fd13f17174356245dde26c","ae11521301ed4006c5e7ae330314fd66",944
"38e72a91131298f854baf390102778a2","5cb8d6b6c6d88582c1dd77bf6b6f6163",666
"399423ff652ebb6a6701be7ec3202fc6","1ef1d35acd94a199229ef7736a1e3c41",201
"399423ff652ebb6a6701be7ec3202fc6","2bb21607cab3ea4f87a4a41ac6d22243",1071
"399423ff652ebb6a6701be7ec3202fc6","3c31a642927cf90adfce8e94bc3ab80e",431
"399423ff652ebb6a6701be7ec3202fc6","55c4503a0fe99484937a0bc2ce9f7fac",649
"399423ff652ebb6a6701be7ec3202fc6","84c5c127fc581ae136d3e9630edac4de",638
"399423ff652ebb6a6701be7ec3202fc6","8860e500b729430dc9354c7c5cfe4464",892
"39b9faab931dce6c8a9d67a0ecc40f0d","55c4503a0fe99484937a0bc2ce9f7fac",209
"39b9faab931dce6c8a9d67a0ecc40f0d","e95f770ac4fb91ac2e4873e4b2dfc0e6",633
"39cfc15be1ea0a6eb64146bbdbedfcec","371db11ba618e17004c70d082b64d2b7",9
"39e0596051890f93ec27d25b4cb41f70","59830e37ce261d31ad0da0d5d270d0e1",436
"3a368818b7341d48660e8dd6c5a77dbe","b9f70cbb473c65c19063cc40e14be4c4",877
"3ae88db6f9e6f36dd211430fa71ea257","a47eace67ec36839ddb9cd868bdc3a33",662
"3c02befda777677bc8c79ac62a72871a","59830e37ce261d31ad0da0d5d270d0e1",1292
"3c02befda777677bc8c79ac62a72871a","a0bd882f47a1b7d6e6ac9522d4cc3d90",897
"3c02befda777677bc8c79ac62a72871a","d47bbe714227ed50493114dc8bb0b9da",886
"3d4400b3b015c2b75cca4e94966e8a16","0f17a9cd68b3d2b794a4c4638c1bd315",425
"3d4400b3b015c2b75cca4e94966e8a16","17ef873f8398a55909fb99e97180bc4c",236
"3d4400b3b015c2b75cca4e94966e8a16","1f6edc5c1681e87e6fa8b912c94183cc",636
"3d4400b3b015c2b75cca4e94966e8a16","2661b408da2bfe8e0e62a16cf42967c3",228
"3d4400b3b015c2b75cca4e94966e8a16","292b5a653a4e6f019bddb87a473bd21a",921
"3d4400b3b015c2b75cca4e94966e8a16","3c31a642927cf90adfce8e94bc3ab80e",436
"3d4400b3b015c2b75cca4e94966e8a16","8c0cc8b9d11e34e14c1610e59b2f82f0",879
"3d4400b3b015c2b75cca4e94966e8a16","ed63fc91500594c3086714f86b3001e4",636
"3df3d2596f340188e95efda776cb117d","f1e6ab2f1637afc3c0f94772cb9df213",1116
"3e06fa3927cbdf4e9d93ba4541acce86","21951c0b895d7b4b8c63e392d2e8c8ae",877
"3e06fa3927cbdf4e9d93ba4541acce86","2661b408da2bfe8e0e62a16cf42967c3",838
"3e06fa3927cbdf4e9d93ba4541acce86","3228635b89112e2c641f5e5cc44e19fe",1082
"3e06fa3927cbdf4e9d93ba4541acce86","3c31a642927cf90adfce8e94bc3ab80e",440
"3e06fa3927cbdf4e9d93ba4541acce86","43839bb04faa1aee37520d05ee890fdb",241
"3e06fa3927cbdf4e9d93ba4541acce86","526664ec12dc5105f2c3171ca0909570",963
"3e06fa3927cbdf4e9d93ba4541acce86","59830e37ce261d31ad0da0d5d270d0e1",420
"3e06fa3927cbdf4e9d93ba4541acce86","5e9d14006243b059e528ac682e855cfb",436
"3e06fa3927cbdf4e9d93ba4541acce86","70cdcf984e67ebff3e05af470fd4844b",441
"3e06fa3927cbdf4e9d93ba4541acce86","7930c951e609e461e8226004ed91a985",242
"3e06fa3927cbdf4e9d93ba4541acce86","7b34fdbd72fdecd596f0c583dd483a0f",639
"3e06fa3927cbdf4e9d93ba4541acce86","8601d226384026acd3b7cde321bc73a9",429
"3e06fa3927cbdf4e9d93ba4541acce86","be49912ba54ba9e611acd041725aaaae",230
"3e06fa3927cbdf4e9d93ba4541acce86","d840538de0ba0c58268e54a9a49f29ab",624
"3e06fa3927cbdf4e9d93ba4541acce86","dcd1491a6d7e008845beb560e4bbd93d",628
"3e6f7568aac84d6a7dfe1b3641698697","2a6707b6b439cbb234bd95047cc34a3b",1088
"3e6f7568aac84d6a7dfe1b3641698697","2e54334c0a5ce2e3e5a5845df3ab3ada",1428
"3e6f7568aac84d6a7dfe1b3641698697","30bb747c98bccdd11b3f89e644c4d0ad",183
"3e6f7568aac84d6a7dfe1b3641698697","6ec76cea00719421532477de6b31a4e6",673
"3e6f7568aac84d6a7dfe1b3641698697","8ae70759c6137f95622eef6e6c1a1388",901
"3e6f7568aac84d6a7dfe1b3641698697","938354e30803919e19f721113719ccf5",1090
"3ecde52d76b8ff281eb735d736f34f3b","e95f770ac4fb91ac2e4873e4b2dfc0e6",672
"3f2e2531201cfbf853f16f668132eaf2","4b67855355304319f0700e19930dd435",451
"3fa8b9cc38915ca488e412b59a8aaa79","3f84183918bbcce913eecb6fd74a27d0",667
"3fcf026bbfffb63fb24b8de9d0446949","3228635b89112e2c641f5e5cc44e19fe",848
"40687c8206d15373954d8b27c6724f62","e7714c603656b8e2241b1131a79a009e",634
"40d18d5a7ae85f9597a40f1306041fd1","8f22e8ff6e2be10b6bc7e6cf7b47d782",247
"4163d678e68f506fc9cfb79ef4292a03","3d784a1b7e1b384b9d2d110a95ddde93",205
"4163d678e68f506fc9cfb79ef4292a03","d840538de0ba0c58268e54a9a49f29ab",859
"428c841430ea18a70f7b06525d4b748a","3a76682684b220abc18a66ae1612d6a7",676
"4402b3bae27683fee56b202bfd23bab3","376df3d823f9768785fdb69e16566d12",852
"4402b3bae27683fee56b202bfd23bab3","668162d573b358f079be450220c015de",618
"4402b3bae27683fee56b202bfd23bab3","dcd1491a6d7e008845beb560e4bbd93d",673
"44b8eee50d6ef0114d673a79ea9d4031","5d9d9565636e97624dfbe1d59cd05115",825
"45daf622c44e6dcc5bd56a1fbd594dee","b402b481bc0dbd51687430c586c7909a",12
"462141c8db136692d3ec3a162a155ccd","64052a600ca02ada0a38f07cdc4ec304",442
"462141c8db136692d3ec3a162a155ccd","b6b0a0c468b75b4fe18ecd6e18e7d374",426
"462141c8db136692d3ec3a162a155ccd","c5a7f95c1a224da16f9926a72d4e28a7",677
"464e07afc9e46359fb480839150595c5","046cb7a4cb27f5ba5d560c18e5233fdc",223
"464e07afc9e46359fb480839150595c5","065bf83977f14142a5f04aeca35f0c51",217
"464e07afc9e46359fb480839150595c5","0b68ac457a26959211f0f624459a3285",876
"464e07afc9e46359fb480839150595c5","2042101ac1f6e7741bfe43f3672e6d7c",245
"464e07afc9e46359fb480839150595c5","25a81701fbfa4a1efdf660a950c1d006",239
"464e07afc9e46359fb480839150595c5","30fb3853072eb5f932f8bb9ce48e63a8",447
"464e07afc9e46359fb480839150595c5","3882a94c64066370fa15aa4d8fec006b",680
"464e07afc9e46359fb480839150595c5","3c31a642927cf90adfce8e94bc3ab80e",1093
"464e07afc9e46359fb480839150595c5","3ee4c75902309b1057d5ec4e8b0344ee",638
"464e07afc9e46359fb480839150595c5","5e99ac035f49b5110442d9bce66ff62c",228
"464e07afc9e46359fb480839150595c5","6ccdf6e4a7b6beaa0f2e180b06eb7502",431
"464e07afc9e46359fb480839150595c5","747ce6e1f8581db8800d74ce2ae244b9",233
"464e07afc9e46359fb480839150595c5","8f22e8ff6e2be10b6bc7e6cf7b47d782",1134
"464e07afc9e46359fb480839150595c5","995fad623537ce3d121aee3a529f59e1",839
"464e07afc9e46359fb480839150595c5","ae11521301ed4006c5e7ae330314fd66",221
"464e07afc9e46359fb480839150595c5","b011ddfbe663ea8c2355f35a5c7bbc82",201
"464e07afc9e46359fb480839150595c5","b6b0a0c468b75b4fe18ecd6e18e7d374",654
"469a32447498e6238dab042c08098b98","d9d40472f2eed7b7d72bac108c1ef57b",230
"472d46cb829018f9dbd65fb8479a49bb","3228635b89112e2c641f5e5cc44e19fe",14
"472d46cb829018f9dbd65fb8479a49bb","387316d0d18d75aefa50ad1cadc39742",899
"472d46cb829018f9dbd65fb8479a49bb","8bf7aa45eea83881ca9052ac2d7a8025",234
"472d46cb829018f9dbd65fb8479a49bb","994ae1d9731cebe455aff211bcb25b93",228
"472d46cb829018f9dbd65fb8479a49bb","a122fdd9928175ce2e15b670bf62c86c",681
"472d46cb829018f9dbd65fb8479a49bb","a840409441ca0fdaa1f999e884d0c3ec",1187
"472d46cb829018f9dbd65fb8479a49bb","c4163e30f720ca064b8aabf7c95408fb",663
"4733a44073c81970cccbca6e1ede188b","d53a0abaa0cbeb339cb02898fa4fbe96",1319
"4733a44073c81970cccbca6e1ede188b","dd1f532c6b7ab2b9742af79b4966c859",1324
"4744ccf98ed9fcec2a3224ebb13333ed","7013dd8caf235788ddedee06ff8ad0ed",647
"4805c7a160cc2b4919b2ef0b5f64b44e","372941d469ceb9ed1ca863084a05adb1",1107
"48598ee283437e810f2f0eb1cf66e217","7fe70fef470fcc46826966e201147015",440
"48718b4f39c52763a2f3e72d17e2db1e","199a96b989eb8ef3432ec9e138c88a8c",655
"48718b4f39c52763a2f3e72d17e2db1e","46fb8d7451b83c18ac43862fa6f09c81",227
"48718b4f39c52763a2f3e72d17e2db1e","cb00541ad4a66bb27ad7b328542b139e",434
"48b4878d6602a5bffc64a1bb3c120ac3","ed63fc91500594c3086714f86b3001e4",878
"4be90ed9c41356ec34247e49aec714a9","75002fe48442a02a55971f48cebbe3e4",10
"4bf1c0bbb86911b08557002e9d510939","8f2d58e32d065296e0ddcff5f6509a9f",1095
"4bf1c0bbb86911b08557002e9d510939","a97fedbce30ecfbc5f77f23789b0ee00",644
"4c532b4eaea99aa1f9c4f0b1898d6fc5","0e6fc146d3df089b02812f1183de24c0",865
"4cde41b7b5187dc39da5952ada8cdac2","cbd7de77aea067f714e76abeb37351ee",1285
"4d236810821e8e83a025f2a83ea31820","0db7e7a347aaa68a26218df2a01c99c6",435
"4d236810821e8e83a025f2a83ea31820","8af5693bc0d6757330a4d2c99025c430",237
"4d236810821e8e83a025f2a83ea31820","d840538de0ba0c58268e54a9a49f29ab",663
"4d236810821e8e83a025f2a83ea31820","fd4dab568d4a6a905e1feb902ea64137",431
"4debfdb23bf13d11084b5f6f42f93b89","aebfe46795575772b7cf413e25caeab9",1101
"4debfdb23bf13d11084b5f6f42f93b89","d840538de0ba0c58268e54a9a49f29ab",669
"4debfdb23bf13d11084b5f6f42f93b89","dabef448fac48c6137ca1cfae1ffa156",438
"4debfdb23bf13d11084b5f6f42f93b89","e32ec0769c5797e60f72be56230a8a85",224
"4fbd8dfba9f0bd21095df5889dcdd169","897356954c2cd3d41b221e3f24f99bba",679
"4fbd8dfba9f0bd21095df5889dcdd169","fc76b14d577ff811b647a1ff7b60abbb",648
"4ffe35db90d94c6041fb8ddf7b44df29","0edfd99ad72057d07ca45e03a385bc65",457
"4ffe35db90d94c6041fb8ddf7b44df29","2661b408da2bfe8e0e62a16cf42967c3",635
"4ffe35db90d94c6041fb8ddf7b44df29","31d325fa6fc2dc1f69110f6f2d878f04",218
"4ffe35db90d94c6041fb8ddf7b44df29","39ffe3021bcad0da66bc4efc46ef0360",641
"4ffe35db90d94c6041fb8ddf7b44df29","3f04f310923440bfb7f300417d460b4f",429
"4ffe35db90d94c6041fb8ddf7b44df29","67d36db472159fcb8c55e03a052bcb74",416
"4ffe35db90d94c6041fb8ddf7b44df29","67eb2b8d0aab60ec69666532ff9527c9",434
"4ffe35db90d94c6041fb8ddf7b44df29","6ea1e24d60afddf388b06f8243c45b70",232
"4ffe35db90d94c6041fb8ddf7b44df29","6ef03053794ebaa9e1ddaf047d3f4b1e",227
"4ffe35db90d94c6041fb8ddf7b44df29","6fd5ab146e72e4446bbb6aa069d6c81c",906
"4ffe35db90d94c6041fb8ddf7b44df29","75002fe48442a02a55971f48cebbe3e4",454
"4ffe35db90d94c6041fb8ddf7b44df29","8394f0347c184cf156ac5924dccb773b",418
"4ffe35db90d94c6041fb8ddf7b44df29","a0a1e71392fc13041b04f743c6727ca2",1060
"4ffe35db90d94c6041fb8ddf7b44df29","b150f254e79816bcde37b04180539289",593
"4ffe35db90d94c6041fb8ddf7b44df29","d52e32f3a96a64786814ae9b5279fbe5",675
"4ffe35db90d94c6041fb8ddf7b44df29","d840538de0ba0c58268e54a9a49f29ab",224
"4ffe35db90d94c6041fb8ddf7b44df29","f5c36218125992389473fa5894489528",1057
"51c75f94a84470f6ae7d4e511ea2597f","0db7e7a347aaa68a26218df2a01c99c6",674
"51c75f94a84470f6ae7d4e511ea2597f","3228635b89112e2c641f5e5cc44e19fe",459
"5257e05cde806e07b405ddcce85114d2","67d36db472159fcb8c55e03a052bcb74",215
"5257e05cde806e07b405ddcce85114d2","b32b1b822dd59451b17b08f97fdfe81e",221
"52c5c903c0e9ca60ee3ecd9b4c10bc2a","b528908a972803e6056a8f995c6e679a",223
"53209facfb222dbef21cc1b6ee666262","e6bec5bc048c16f28ba341f878ce654e",241
"53cfbe4334e1550bd5201dfffb627317","544fe6cda7be748b64895a1a84b8b3bc",611
"5447aa4026288039fccf95cf270282b3","09a32564fad65344cf28607fa98e6dc5",220
"5447aa4026288039fccf95cf270282b3","0d29f073d967c15a2306c8148885fad5",852
"5447aa4026288039fccf95cf270282b3","0d798f1e4fbc18e4cdc5574113886ee6",658
"5447aa4026288039fccf95cf270282b3","179909b745f81f03f177a3079e0ce5e3",453
"5447aa4026288039fccf95cf270282b3","19e4f8b476cd9b3e76bf1ad608df834e",681
"5447aa4026288039fccf95cf270282b3","25a81701fbfa4a1efdf660a950c1d006",210
"5447aa4026288039fccf95cf270282b3","3228635b89112e2c641f5e5cc44e19fe",402
"5447aa4026288039fccf95cf270282b3","376df3d823f9768785fdb69e16566d12",435
"5447aa4026288039fccf95cf270282b3","38e72a91131298f854baf390102778a2",219
"5447aa4026288039fccf95cf270282b3","5cf73e808193af68b60d465bf312e789",909
"5447aa4026288039fccf95cf270282b3","5e4f5f9dcb97db3bf3c9093f518fade4",458
"5447aa4026288039fccf95cf270282b3","5f621077215b08b0524dc51e3008d92c",428
"5447aa4026288039fccf95cf270282b3","619049426254b87c1f4832cfa9914a20",435
"5447aa4026288039fccf95cf270282b3","64052a600ca02ada0a38f07cdc4ec304",226
"5447aa4026288039fccf95cf270282b3","69c9d1d2794954143285907d015d0050",203
"5447aa4026288039fccf95cf270282b3","6e59674c42d92fa0d083b3642e048833",651
"5447aa4026288039fccf95cf270282b3","818468ddb460c3bd842a28f371bca99e",659
"5447aa4026288039fccf95cf270282b3","8877911d0fa3121b42f45fc508f5dad1",418
"5447aa4026288039fccf95cf270282b3","8ae70759c6137f95622eef6e6c1a1388",455
"5447aa4026288039fccf95cf270282b3","8f22e8ff6e2be10b6bc7e6cf7b47d782",688
"5447aa4026288039fccf95cf270282b3","da48ec6fc042edb971a456685f97d79f",414
"5447aa4026288039fccf95cf270282b3","e1a1f4bb76754832458c2004b269d23b",674
"5447aa4026288039fccf95cf270282b3","f00a5998c29601848a83c00a8296d8e4",461
"5447aa4026288039fccf95cf270282b3","f7877d920a144d74598fd3f61019aa62",234
"54a7b18f26374fc200ddedde0844f8ec","0f5b2f91cd5952a124b1a03c4f2c4b19",657
"54a7b18f26374fc200ddedde0844f8ec","1515960435c336515e9dca50c0f0df07",463
"54a7b18f26374fc200ddedde0844f8ec","38779783dcaaaabd1cdd9d3459c8c71d",229
"54a7b18f26374fc200ddedde0844f8ec","3c31a642927cf90adfce8e94bc3ab80e",467
"54a7b18f26374fc200ddedde0844f8ec","e11fd18d04df0992a558b8474384dab2",462
"54bd05568f5307e72e96392eaa0e766d","b60c0d4d7e79d2d9eb6b397ca8529c4c",219
"54bd05568f5307e72e96392eaa0e766d","cf8190e2599704b66f8377a56b08ffc7",218
"5501462a4c13dd55a6b236ef4550e3e4","5253944e53d9f23989476b720002ed5b",1112
"5501462a4c13dd55a6b236ef4550e3e4","d719083f59856e34a37e2137e2241d80",426
"55195b6de48e7e8dcd54f70cad56d8d3","3aa4584e547efba20238772d4af5c03d",671
"55195b6de48e7e8dcd54f70cad56d8d3","8c676a88df49c6e1127bb3bf7a4eeb5e",442
"55195b6de48e7e8dcd54f70cad56d8d3","8f01c431efd12547f3c975e6a0afc694",457
"55195b6de48e7e8dcd54f70cad56d8d3","8f22e8ff6e2be10b6bc7e6cf7b47d782",213
"55195b6de48e7e8dcd54f70cad56d8d3","b360036d10555ad6f2099d089ecf0bd8",878
"56c052be7cc218dbc1a4092a9db64c50","b9972f46c1e52797d66236b118d29709",882
"578ad8e10dc4edb52ff2bd4ec9bc93a3","24aab28c6740a83da76434c8104a4604",209
"578ad8e10dc4edb52ff2bd4ec9bc93a3","e95f770ac4fb91ac2e4873e4b2dfc0e6",427
"57c10320c556e3376e8df1cebffd5b91","6e4dd7ce4ea3c1d4a90edb289e22da98",433
"57c10320c556e3376e8df1cebffd5b91","a122fdd9928175ce2e15b670bf62c86c",643
"5b49fc4817ad44252ca8a8d14e708c4c","19b904d9ebb639d2591c3e4a9c8ad5d5",224
"5b49fc4817ad44252ca8a8d14e708c4c","f2a7fcaf43e3d86084519c94c2e7e406",671
"5c39b18d77d5f297ff92e4942e5522b5","56c052be7cc218dbc1a4092a9db64c50",1251
"5c39b18d77d5f297ff92e4942e5522b5","573ad19d284b4fd9d735c99dc94af893",669
"5c39b18d77d5f297ff92e4942e5522b5","e13981e25f573df3048f40ffe5ccecfa",658
"5c39b18d77d5f297ff92e4942e5522b5","fb56916b7b11b81cd15ffe1630d4ba79",1054
"5ca49fbfb5ba90d2927d7f85f07ad74d","29c96b9793e84aa82eaf821a0812064b",899
"5ca49fbfb5ba90d2927d7f85f07ad74d","4f51cafba40805e1350b4ce09c5fdbfa",467
"5dfb2cbef318bd075d58ba79cd056363","d840538de0ba0c58268e54a9a49f29ab",463
"5ed3083b70304d121e7aa22d4ccba070","ed63fc91500594c3086714f86b3001e4",220
"604c8dd5066ee30539037569a028dc9b","2042101ac1f6e7741bfe43f3672e6d7c",638
"604c8dd5066ee30539037569a028dc9b","22ef5d9468d7aa2f806d865b88a27a52",441
"604c8dd5066ee30539037569a028dc9b","26b0ed100725ab416a86aae310085905",832
"604c8dd5066ee30539037569a028dc9b","2e54334c0a5ce2e3e5a5845df3ab3ada",900
"604c8dd5066ee30539037569a028dc9b","3228635b89112e2c641f5e5cc44e19fe",457
"604c8dd5066ee30539037569a028dc9b","5e409e09f43d85c6e61301149e4f803b",450
"604c8dd5066ee30539037569a028dc9b","67d36db472159fcb8c55e03a052bcb74",231
"604c8dd5066ee30539037569a028dc9b","9829b25a81a6f97335763c274b28525f",232
"604c8dd5066ee30539037569a028dc9b","b640d9b13f0b3c772c33919be3902005",1098
"604c8dd5066ee30539037569a028dc9b","ca2187e82b84429b0a54f6a327716edb",667
"604c8dd5066ee30539037569a028dc9b","da4660701a8f38bf4956342c95d87d21",204
"604c8dd5066ee30539037569a028dc9b","e6892602a984c21896885135147205c6",875
"60659cfda992013e610f285c46692d28","3601146c4e948c32b6424d2c0a7f0118",428
"60db678125c6483e43cdd10443705ba6","6a1a376d8169cfc1835f59ac934edbb7",664
"61409aa1fd47d4a5332de23cbf59a36f","5b5053ac7b3b10213690427e0168e7d7",885
"61409aa1fd47d4a5332de23cbf59a36f","72b20cda8130b6d38994e45882701d3d",433
"61409aa1fd47d4a5332de23cbf59a36f","747ce6e1f8581db8800d74ce2ae244b9",447
"61409aa1fd47d4a5332de23cbf59a36f","7cceaca7c200498b334bdab08453e2f6",666
"61409aa1fd47d4a5332de23cbf59a36f","835280a77b2523de1e54a476801401f9",666
"61409aa1fd47d4a5332de23cbf59a36f","8f22e8ff6e2be10b6bc7e6cf7b47d782",662
"61409aa1fd47d4a5332de23cbf59a36f","8f2d58e32d065296e0ddcff5f6509a9f",461
"61409aa1fd47d4a5332de23cbf59a36f","b6b0a0c468b75b4fe18ecd6e18e7d374",12
"61409aa1fd47d4a5332de23cbf59a36f","ba85621315b118dac5a85d626816c852",424
"61409aa1fd47d4a5332de23cbf59a36f","bb8efcd4ab24730b7cd34e88ac390878",237
"61409aa1fd47d4a5332de23cbf59a36f","c0738e0b9281f9d1d660fcfe001fccb1",445
"61409aa1fd47d4a5332de23cbf59a36f","d83891c31f08f2dbbd6e9adac9e90f97",1135
"61409aa1fd47d4a5332de23cbf59a36f","d840538de0ba0c58268e54a9a49f29ab",221
"61409aa1fd47d4a5332de23cbf59a36f","f7666258e8b6fd98e26161a43a7be7f3",426
"62018a02bb602600ff86a25fc7e40dbb","25c0f70d3b669f0400b5733433b5a2cb",438
"6347198f0cfb1a9aa1c2469ec551457d","0971aba7c51df5639ef9551c53ef283a",906
"6347198f0cfb1a9aa1c2469ec551457d","6ef03053794ebaa9e1ddaf047d3f4b1e",867
"6347198f0cfb1a9aa1c2469ec551457d","9ea2252b194fd3ea93d12404ad4ca1d3",452
"64489c85dc2fe0787b85cd87214b3810","d46ddb287552508c0c54b94c7dec1628",412
"6471600a71aa3741da47bca5522cd0d2","0f5b2f91cd5952a124b1a03c4f2c4b19",1291
"6471600a71aa3741da47bca5522cd0d2","280157701451bdb2de5d3356f3a213c2",229
"6471600a71aa3741da47bca5522cd0d2","5ced19b207476c79cb1566a58990ce64",827
"6471600a71aa3741da47bca5522cd0d2","5e875856361e9ad8092bf08c3ae8fe08",224
"6471600a71aa3741da47bca5522cd0d2","81d6f316d169150d0e8733866c38684d",866
"6471600a71aa3741da47bca5522cd0d2","835280a77b2523de1e54a476801401f9",432
"6471600a71aa3741da47bca5522cd0d2","8f22e8ff6e2be10b6bc7e6cf7b47d782",871
"6471600a71aa3741da47bca5522cd0d2","c7174dc75237a0361780548a1af6872b",253
"64730ca35ed9274ff6aa8a719407fe53","26cd1429f83099657157a24aa3e1d297",1079
"64730ca35ed9274ff6aa8a719407fe53","38779783dcaaaabd1cdd9d3459c8c71d",666
"64730ca35ed9274ff6aa8a719407fe53","692ea45151430cc7da683a463fe39ca5",640
"64730ca35ed9274ff6aa8a719407fe53","835280a77b2523de1e54a476801401f9",666
"64730ca35ed9274ff6aa8a719407fe53","d35b1f5a8ef7dd49475ed69e98bc064a",446
"649e314529ae99fee77bffd211851b7d","a20cce0dd746b45722bb3640250b808b",666
"649e314529ae99fee77bffd211851b7d","a97fedbce30ecfbc5f77f23789b0ee00",843
"649e314529ae99fee77bffd211851b7d","cc0722b733e25829ed9de9e93ac97be5",1151
"657b3da92ee342d7f1eeb4c0454e1448","e95f770ac4fb91ac2e4873e4b2dfc0e6",204
"65ed72f435ddd53cb3efb0b018ce2af4","26a94f6ab950ef8d74a6dd1f61fab603",427
"65ed72f435ddd53cb3efb0b018ce2af4","58a55ab7871e8f5b7ffb8ca6c042536c",646
"65ed72f435ddd53cb3efb0b018ce2af4","98c131f9fb31f732b136f87e64ff686a",858
"65ed72f435ddd53cb3efb0b018ce2af4","a0bd882f47a1b7d6e6ac9522d4cc3d90",632
"65ed72f435ddd53cb3efb0b018ce2af4","b011ddfbe663ea8c2355f35a5c7bbc82",1268
"660522015da184fa3306689a38b5e345","00978ffc73cea5b0da6d988d36736374",423
"669ad6e55743628cbfc502f5b9c7e104","3c31a642927cf90adfce8e94bc3ab80e",1074
"67524210524b62ad06b8fc7c6dc7135e","8601d226384026acd3b7cde321bc73a9",911
"6766992ca3827afeb1181bf1c123b230","00978ffc73cea5b0da6d988d36736374",848
"6766992ca3827afeb1181bf1c123b230","8f2d58e32d065296e0ddcff5f6509a9f",693
"68727d15820a0c2ebc29636a8ba6d666","d840538de0ba0c58268e54a9a49f29ab",876
"6a1a376d8169cfc1835f59ac934edbb7","03b627d3493e3b2a15128dd1b5e950b3",7
"6a1a376d8169cfc1835f59ac934edbb7","0f5b2f91cd5952a124b1a03c4f2c4b19",1076
"6a1a376d8169cfc1835f59ac934edbb7","221b40a5ea9862d0d7fb4c09796d9ab1",635
"6a1a376d8169cfc1835f59ac934edbb7","44f79256a58375ddff397280c9a19811",675
"6a1a376d8169cfc1835f59ac934edbb7","8bad06073ab11eaf94246f1f1d02bd82",912
"6a1a376d8169cfc1835f59ac934edbb7","8f2d58e32d065296e0ddcff5f6509a9f",881
"6a1a376d8169cfc1835f59ac934edbb7","af1b08e09ce26c7efdf3f0b3f5f2934b",665
"6a1a376d8169cfc1835f59ac934edbb7","d1d89ac209ece9cbc7c5d5680de051a4",892
"6a1a376d8169cfc1835f59ac934edbb7","f73dde2d8c7879ae8d1fcdc03c4ffebc",652
"6aa8d4d501a7e1d67c6dbf8c8138b897","25a81701fbfa4a1efdf660a950c1d006",207
"6aa8d4d501a7e1d67c6dbf8c8138b897","5ced19b207476c79cb1566a58990ce64",636
"6aa8d4d501a7e1d67c6dbf8c8138b897","8c0cc8b9d11e34e14c1610e59b2f82f0",247
"6aa8d4d501a7e1d67c6dbf8c8138b897","97867a7be95733d1e0f8dd9e6400d509",657
"6aa8d4d501a7e1d67c6dbf8c8138b897","b6b0a0c468b75b4fe18ecd6e18e7d374",659
"6aa8d4d501a7e1d67c6dbf8c8138b897","b7cc289cb46d818659c3b686522490ab",669
"6aa8d4d501a7e1d67c6dbf8c8138b897","be49912ba54ba9e611acd041725aaaae",877
"6aa8d4d501a7e1d67c6dbf8c8138b897","e95f770ac4fb91ac2e4873e4b2dfc0e6",1526
"6c16362f64973441684cfb1ce82ec7b9","2bb21607cab3ea4f87a4a41ac6d22243",420
"6c16362f64973441684cfb1ce82ec7b9","551898bddbaf1285c67adc6b2f6d8ffb",1336
"6c16362f64973441684cfb1ce82ec7b9","98c131f9fb31f732b136f87e64ff686a",645
"6c16362f64973441684cfb1ce82ec7b9","b32b1b822dd59451b17b08f97fdfe81e",1291
"6c16362f64973441684cfb1ce82ec7b9","d840538de0ba0c58268e54a9a49f29ab",620
"6cfe37b82c14779526a2bb86a560aaa4","8f2d58e32d065296e0ddcff5f6509a9f",1124
"6ea1e24d60afddf388b06f8243c45b70","195fbb57ffe7449796d23466085ce6d8",435
"6fa95b1427af77b3d769ae9cb853382f","754a714804e5a436f722394a9315f8bf",233
"6fa95b1427af77b3d769ae9cb853382f","fc24590443a3fb24dac5f5940f9476eb",626
"6fd5ab146e72e4446bbb6aa069d6c81c","1b6ecd67f81e2b0afdd6b0efb432255c",1119
"6fd5ab146e72e4446bbb6aa069d6c81c","4f51cafba40805e1350b4ce09c5fdbfa",227
"6fd5ab146e72e4446bbb6aa069d6c81c","5311b715d13ddb25043503e8eb8c165d",681
"6fd5ab146e72e4446bbb6aa069d6c81c","668162d573b358f079be450220c015de",233
"6fd5ab146e72e4446bbb6aa069d6c81c","6ad262388b05aaba120e0f3d52c582ac",435
"6fd5ab146e72e4446bbb6aa069d6c81c","a6559134ad5c376a08e881686225654e",1297
"6fd5ab146e72e4446bbb6aa069d6c81c","b0a429cd0e3f400212c693658a6d8ed5",640
"6fd5ab146e72e4446bbb6aa069d6c81c","da4660701a8f38bf4956342c95d87d21",1073
"70483b6e100c9cebbffcdc62dea07eda","046cb7a4cb27f5ba5d560c18e5233fdc",210
"70483b6e100c9cebbffcdc62dea07eda","5e99ac035f49b5110442d9bce66ff62c",1105
"705da23959fa17c5d11d7a53a6157a19","4bae835ba22f5f80ffee5a8776deea56",202
"705da23959fa17c5d11d7a53a6157a19","4c553dd29f96b84dd75cc50e28a89e6d",240
"705da23959fa17c5d11d7a53a6157a19","e94953712c74734754d91a3889745f9e",219
"705da23959fa17c5d11d7a53a6157a19","f5a4d8393e6d380936f896b4e835678f",223
"72ad443254705846cbd405ac30e2363c","c0dbb778bed423c404e68ebe464120e7",436
"72c17703ab7e0ac472dd075cd88912be","2042101ac1f6e7741bfe43f3672e6d7c",218
"72c1f0bce31fa7e1ba3b0051195d7cce","719ef271d38a388fd7b2bc967f4bd885",434
"75c2771546072d0d4b4aa02229c28aad","18fabd2aeaac8d93d7fc2536d27beac0",436
"75c2771546072d0d4b4aa02229c28aad","e85e1d1b9283d209ac9a61104cc023eb",637
"75c2771546072d0d4b4aa02229c28aad","f73dde2d8c7879ae8d1fcdc03c4ffebc",463
"75f87fa90004d185432caa1dfb208bbf","4b6d6e42d0938cde11915feb76d8a526",416
"75f87fa90004d185432caa1dfb208bbf","700c1b54b088caaf50ae4db7039a6b00",653
"77dcd555f38b965d220a13a3bb080260","84c5c127fc581ae136d3e9630edac4de",883
"77dcd555f38b965d220a13a3bb080260","bb0b2c20da80fc59513c7c88f826426b",222
"7902ed1386067dae936e6639ba7f85a4","26cd1429f83099657157a24aa3e1d297",892
"79313848ceb6b2f0db6226af25fdfa61","6c1f7ff838a756da57a1e81977744191",412
"79313848ceb6b2f0db6226af25fdfa61","700c1b54b088caaf50ae4db7039a6b00",224
"79313848ceb6b2f0db6226af25fdfa61","91a026ab57eac2af3f191985dad8bd7a",1086
"79313848ceb6b2f0db6226af25fdfa61","994ae1d9731cebe455aff211bcb25b93",1137
"79338f7567adbd87a70fdacd50a980e0","01083da2df15d6ebfe62186418a76863",653
"7acea768faa38ac5ca6798c85785a5a8","6ccdf6e4a7b6beaa0f2e180b06eb7502",466
"7acea768faa38ac5ca6798c85785a5a8","7013dd8caf235788ddedee06ff8ad0ed",461
"7bfcc746dd3ae3853c4f0ef95551e22e","3e738d48b1ea27eef2dcdd7bdb33e46a",648
"7bfcc746dd3ae3853c4f0ef95551e22e","c1d650b2c90c2a2716c61d1236fb4681",659
"7ce8dca83579dc692f578b5ba1557ab1","6e02fb12e2553176759ef52952b5b037",217
"7cee48d20469bc9198f40b9e8863347c","f1e6ab2f1637afc3c0f94772cb9df213",875
"7d83126d7919a9a379875f1ec38011de","1d05b78d1c3feee222ba2643d651c3b1",893
"7d83126d7919a9a379875f1ec38011de","1f5c5ce5cdbea723378e6db882a732ec",454
"7d83126d7919a9a379875f1ec38011de","59830e37ce261d31ad0da0d5d270d0e1",11
"7e014d9f08b5ea887eae96e5871d4b6b","0842d80f5aaf22b71dc7d84e25bd1777",670
"7e014d9f08b5ea887eae96e5871d4b6b","131b98dac8609f781484f08c22a8abaa",666
"7e014d9f08b5ea887eae96e5871d4b6b","1561da775579aeed13a3cc97040bf352",213
"7e014d9f08b5ea887eae96e5871d4b6b","3228635b89112e2c641f5e5cc44e19fe",455
"7e014d9f08b5ea887eae96e5871d4b6b","394726f37fbe77d819e2346e9abf5757",666
"7e014d9f08b5ea887eae96e5871d4b6b","ab31fef2cb48c49fb8b94021378dec74",238
"7e3fceb10594a451e0741d4c536646fb","212631b80d2d1153eba86248e06d0ced",1129
"7efd721c8bfff2937c66235f2d0dbac1","0893bf6e9e07c2fe86ba8eea9f9eb4b1",640
"7efd721c8bfff2937c66235f2d0dbac1","199a96b989eb8ef3432ec9e138c88a8c",874
"7efd721c8bfff2937c66235f2d0dbac1","434127a732a15de804bc79c2dbe0fcd9",222
"7efd721c8bfff2937c66235f2d0dbac1","4f51cafba40805e1350b4ce09c5fdbfa",445
"7efd721c8bfff2937c66235f2d0dbac1","8dd564ccd2cd23a784b72a7427a186a9",846
"7efd721c8bfff2937c66235f2d0dbac1","f3e3016c9f958241aff430cf4941fae3",1045
"7f15f1ad99c489dc0314952535e424d5","0fba5bec5f174b6aeeb984b01788ad04",640
"80e2d7c18ea4afb1f5ef0ab0130df9e4","719ef271d38a388fd7b2bc967f4bd885",644
"81d6f316d169150d0e8733866c38684d","01083da2df15d6ebfe62186418a76863",856
"81d6f316d169150d0e8733866c38684d","b2d20d2fe330235bc869b070b1dce7de",472
"82052cd94092c364ff8c58e83c220605","3882a94c64066370fa15aa4d8fec006b",428
"82052cd94092c364ff8c58e83c220605","5e4f5f9dcb97db3bf3c9093f518fade4",886
"82052cd94092c364ff8c58e83c220605","62e0cce88cf77122f73cdfc7ce8a14de",453
"82e335f7ac0e0e412b2ae15abe662110","67fce837e26f133cb6af35f69773a8ea",1079
"83f021a78fd8265c1cfc3f93da7caa40","7930c951e609e461e8226004ed91a985",644
"83f021a78fd8265c1cfc3f93da7caa40","e95f770ac4fb91ac2e4873e4b2dfc0e6",410
"850da5f8fa692ca5c245ab5247981b02","1ebd335e8403770be353809cf98cb94e",1325
"850da5f8fa692ca5c245ab5247981b02","9c0ca0cabbd78a5a02bf8447347eced5",464
"85b103482a20682da703aa388933a6d8","1515960435c336515e9dca50c0f0df07",867
"85b103482a20682da703aa388933a6d8","2164405d5292f090419d2dd5790095be",444
"85b103482a20682da703aa388933a6d8","61b606952d604a6c28ed8d49f59ad1da",453
"85b103482a20682da703aa388933a6d8","6a7ac0ba6162781c12b49bffe496d3b9",857
"861a744bccc0da5432f097d5838e4b83","065bf83977f14142a5f04aeca35f0c51",446
"861a744bccc0da5432f097d5838e4b83","668162d573b358f079be450220c015de",447
"861a744bccc0da5432f097d5838e4b83","81d6f316d169150d0e8733866c38684d",448
"861a744bccc0da5432f097d5838e4b83","d53a0abaa0cbeb339cb02898fa4fbe96",452
"861a744bccc0da5432f097d5838e4b83","f55fbaaca148300ac11f7752528cae3d",863
"86c9e46243a93ecbd27c36296f90c4d2","467797bb7c3a6e5ab5a16bfee8686fd4",856
"86c9e46243a93ecbd27c36296f90c4d2","5933baf90dcec96ffa6ecdaf30299550",871
"86c9e46243a93ecbd27c36296f90c4d2","6d69689d0056a27bce65398abc70297a",424
"86c9e46243a93ecbd27c36296f90c4d2","97c8f692a928a55577aaf6cd98c56bb5",440
"86c9e46243a93ecbd27c36296f90c4d2","9c0ca0cabbd78a5a02bf8447347eced5",452
"86c9e46243a93ecbd27c36296f90c4d2","b9f70cbb473c65c19063cc40e14be4c4",598
"86c9e46243a93ecbd27c36296f90c4d2","fc24590443a3fb24dac5f5940f9476eb",237
"877b13f232fe100743d38e5bcb9a82d3","25a81701fbfa4a1efdf660a950c1d006",250
"877b13f232fe100743d38e5bcb9a82d3","3f84183918bbcce913eecb6fd74a27d0",432
"877b13f232fe100743d38e5bcb9a82d3","59830e37ce261d31ad0da0d5d270d0e1",439
"877b13f232fe100743d38e5bcb9a82d3","67e6135e6665bc542a79b3165c6428c9",882
"877b13f232fe100743d38e5bcb9a82d3","a6559134ad5c376a08e881686225654e",693
"877b13f232fe100743d38e5bcb9a82d3","b640d9b13f0b3c772c33919be3902005",441
"88068e33c78eb72f1b371c7110846085","0db7e7a347aaa68a26218df2a01c99c6",901
"88068e33c78eb72f1b371c7110846085","b6b0a0c468b75b4fe18ecd6e18e7d374",1458
"88068e33c78eb72f1b371c7110846085","e374e28a5e0e656af6b1d7e2f25e8b2c",691
"881010642a4c5fa9a7ef5266e52700be","668162d573b358f079be450220c015de",213
"885383f16fccd10370814fcd862aa10d","92f12d5850e4d2bfeae5a79431cae80e",696
"88e11caee979ba2bf6c1aa459b2cd77b","0db7e7a347aaa68a26218df2a01c99c6",1264
"88e11caee979ba2bf6c1aa459b2cd77b","1116814755ec7e77eaa692262f749cec",408
"88e11caee979ba2bf6c1aa459b2cd77b","23bb133b153547613a191d4086f9cb58",664
"88e11caee979ba2bf6c1aa459b2cd77b","371db11ba618e17004c70d082b64d2b7",673
"88e11caee979ba2bf6c1aa459b2cd77b","43d8c52ebe93bcb5b995444a977e9bb0",639
"88e11caee979ba2bf6c1aa459b2cd77b","6ea1e24d60afddf388b06f8243c45b70",874
"88e11caee979ba2bf6c1aa459b2cd77b","7013dd8caf235788ddedee06ff8ad0ed",642
"88e11caee979ba2bf6c1aa459b2cd77b","991bd2094a0c6c395a87b52707e92b60",1079
"88e11caee979ba2bf6c1aa459b2cd77b","999a06f28346262ef9e1699d9fc1ab56",222
"88e11caee979ba2bf6c1aa459b2cd77b","a4be0f0d7446b0026970ec6b3b0ce1be",434
"88e11caee979ba2bf6c1aa459b2cd77b","dbe1b614a066c9b2bb3d1f5127a9b43c",1343
"88e11caee979ba2bf6c1aa459b2cd77b","e95f770ac4fb91ac2e4873e4b2dfc0e6",413
"88f418d385fe30d5a2bfd3e17c732b28","6ea1e24d60afddf388b06f8243c45b70",239
"8a2808b850d578d17131ea19a958cd7c","4972ef9d396557b8cf4009b3f91e5995",224
"8aae3a73a9a43ee6b04dfd986fe9d136","19e4f8b476cd9b3e76bf1ad608df834e",1426
"8aae3a73a9a43ee6b04dfd986fe9d136","1ba73861821f980b88faf5b2808b74d8",1090
"8aae3a73a9a43ee6b04dfd986fe9d136","91a026ab57eac2af3f191985dad8bd7a",650
"8ad67a71f7ead7946ad583d9c5cb5f70","d28810ed76d0a5bd1b7ca4c1e4372b02",204
"8ce78b8841c515a4f51c645a861b754e","221b40a5ea9862d0d7fb4c09796d9ab1",217
"8e06843ec162b74a7902867dd4bca8c8","e36882b115619b277b1ab19d97bb960a",660
"8fe918632d847e8ea3ebffbd47bd8ca9","444d0af4f3d786e11f0518167b8ec9c0",861
"90a4897b4d6e39e8208325fe9765eef4","22ef5d9468d7aa2f806d865b88a27a52",422
"90a4897b4d6e39e8208325fe9765eef4","8c676a88df49c6e1127bb3bf7a4eeb5e",1117
"90fdf4990ab99e1c89edf2b23057232f","5e4f5f9dcb97db3bf3c9093f518fade4",649
"90fdf4990ab99e1c89edf2b23057232f","5f621077215b08b0524dc51e3008d92c",1474
"90fdf4990ab99e1c89edf2b23057232f","d01ca360ed75c5040a7194adb74ca735",809
"9104cae4ba38c79afaf6479c1dde3b7c","8f2d58e32d065296e0ddcff5f6509a9f",424
"91273e8cfb21c51c025ce8de2a9231ee","b32b1b822dd59451b17b08f97fdfe81e",464
"92109e2189cd79072b7df39317d94fa1","0df4dccc4aac3f6f36e00ef2a6a4bfac",447
"92109e2189cd79072b7df39317d94fa1","3f84183918bbcce913eecb6fd74a27d0",268
"92109e2189cd79072b7df39317d94fa1","573ad19d284b4fd9d735c99dc94af893",230
"92109e2189cd79072b7df39317d94fa1","cb00541ad4a66bb27ad7b328542b139e",662
"92eaf3719159c372f3d50337e0a14f57","179909b745f81f03f177a3079e0ce5e3",667
"92eaf3719159c372f3d50337e0a14f57","4d35916a0c5c3052fdaf5c82cd3c4653",1092
"92eaf3719159c372f3d50337e0a14f57","56c052be7cc218dbc1a4092a9db64c50",219
"939058794a286fac3852f30d986ce814","4f926a3ab91943cda655a137b34ba61a",212
"93b63feb993716772ef3b15b08b8e8a8","9f81a90c36dd3c60ff06f3c800ae4c1b",648
"944facfeb153b4f01916a0f166fcc315","25a81701fbfa4a1efdf660a950c1d006",1097
"944facfeb153b4f01916a0f166fcc315","262031397020fd8df478ec13b4b096c5",237
"944facfeb153b4f01916a0f166fcc315","92c0d04faca572533efaf20c0f6a6d90",221
"94b40efff5c2d35b6243784c88afe8c0","c1d650b2c90c2a2716c61d1236fb4681",639
"9569e7f016c5ed5e4be2e33e300311e2","24d1cf8b9df96ae0652beb8a11d39dea",671
"96407ff0f2171305556432c8a7031bb8","8a5d1c87313463f308338229eaa8d343",6
"96407ff0f2171305556432c8a7031bb8","fb56916b7b11b81cd15ffe1630d4ba79",1088
"96a94edbdb5534e2effe465c77479843","5e0ef665b09100b540972f6458306aba",195
"96a94edbdb5534e2effe465c77479843","be3a5f655d53a898d67bbf605933432b",441
"96c11895e7dc02ef601772a3f77587ac","069f278dae74bceafbddf75a64be3676",882
"96c11895e7dc02ef601772a3f77587ac","0edfd99ad72057d07ca45e03a385bc65",647
"96c11895e7dc02ef601772a3f77587ac","0f5b2f91cd5952a124b1a03c4f2c4b19",438
"96c11895e7dc02ef601772a3f77587ac","8f2d58e32d065296e0ddcff5f6509a9f",1321
"96c11895e7dc02ef601772a3f77587ac","910101318275914a9f141d4e255bf8c8",438
"97a9d330e236c8d067f01da1894a5438","2e1d1e3fe8265865efbc8cbb4baaf4e8",1067
"98e15403b2b1ea5022fc42b3490cc76e","0f500956f995b17f0e573e313abc6160",1350
"98e15403b2b1ea5022fc42b3490cc76e","34c5b7ee933eb43f725714ccd081b588",677
"98e15403b2b1ea5022fc42b3490cc76e","387316d0d18d75aefa50ad1cadc39742",658
"98e15403b2b1ea5022fc42b3490cc76e","6d69689d0056a27bce65398abc70297a",894
"98e15403b2b1ea5022fc42b3490cc76e","7013dd8caf235788ddedee06ff8ad0ed",233
"98e15403b2b1ea5022fc42b3490cc76e","bf8413517bd150c6f939d01a0f371302",650
"9aba45a7f1999a9c5fc96ef2a45810fb","544fe6cda7be748b64895a1a84b8b3bc",1263
"9aba45a7f1999a9c5fc96ef2a45810fb","ba85621315b118dac5a85d626816c852",1143
"9adb41f2a66506c7e816424b455ad5ff","51ea0114e5e7ba6a6cad70f1cd33b1b4",671
"9adb41f2a66506c7e816424b455ad5ff","bb0b2c20da80fc59513c7c88f826426b",641
"9adb41f2a66506c7e816424b455ad5ff","ee8873aaffa96fb781ef85b25fc51dd9",880
"9c0ca0cabbd78a5a02bf8447347eced5","999a06f28346262ef9e1699d9fc1ab56",868
"9d910c8bf395fce35216f0f4fa85432e","3ca78abbc029cb6ba1c517d9d693e469",449
"9d910c8bf395fce35216f0f4fa85432e","59830e37ce261d31ad0da0d5d270d0e1",428
"9d910c8bf395fce35216f0f4fa85432e","5e4f5f9dcb97db3bf3c9093f518fade4",639
"9d910c8bf395fce35216f0f4fa85432e","927682863dd7445e3bdc040e4cc7767f",242
"9d910c8bf395fce35216f0f4fa85432e","9d4ee6dd564c9ac14eb6be02091a9224",233
"9d910c8bf395fce35216f0f4fa85432e","a8f6a0485a2b17e1ef28c91359e0b753",440
"9d910c8bf395fce35216f0f4fa85432e","af1b08e09ce26c7efdf3f0b3f5f2934b",888
"9d910c8bf395fce35216f0f4fa85432e","b7a71d8799cf6dd75b711a7f52de6675",239
"9d910c8bf395fce35216f0f4fa85432e","ca2187e82b84429b0a54f6a327716edb",688
"9d910c8bf395fce35216f0f4fa85432e","d840538de0ba0c58268e54a9a49f29ab",637
"9d910c8bf395fce35216f0f4fa85432e","e95f770ac4fb91ac2e4873e4b2dfc0e6",869
"9ea947189a71d9b7b1b02cf17c8abe31","3a84d5d56fb80259fc3812d23c60d13c",1126
"9ea947189a71d9b7b1b02cf17c8abe31","9c0ca0cabbd78a5a02bf8447347eced5",1279
"a00cc04d9db6b72982dd6deaf320d990","2042101ac1f6e7741bfe43f3672e6d7c",241
"a08372b70196c21a9229cf04db6b7ceb","25a81701fbfa4a1efdf660a950c1d006",216
"a33b73f30cde1640b9ac3ec98c7c2831","c2a081a2acc5642bb16930d4868aff12",217
"a36e5df6089966dca4b38397aae00efd","9829b25a81a6f97335763c274b28525f",889
"a36e5df6089966dca4b38397aae00efd","da4660701a8f38bf4956342c95d87d21",434
"a3b0d8be3bc69a1c348a6f2ec974a3eb","36aead113a2f282f2319a1dd120a3dbf",872
"a3b7c57bad6565c9551b7ce616c1cbbb","6c1f7ff838a756da57a1e81977744191",208
"a48296ad11ed041e4db9991af1057fb6","e36882b115619b277b1ab19d97bb960a",1049
"a48296ad11ed041e4db9991af1057fb6","fc76b14d577ff811b647a1ff7b60abbb",1354
"a4e2d7bb97e0e72c79c9e7a8a4dff159","0a4c05f844994e3018a1446c73b3fd49",216
"a4e2d7bb97e0e72c79c9e7a8a4dff159","a122fdd9928175ce2e15b670bf62c86c",842
"a4e2d7bb97e0e72c79c9e7a8a4dff159","ba7482fdd2bce593e26ddd6f35d856ac",821
"a6559134ad5c376a08e881686225654e","29c96b9793e84aa82eaf821a0812064b",733
"a66db93c9f417a2500c24e689ba0ccc9","21d6cb8984871e8d552101fdbd50a102",223
"a66db93c9f417a2500c24e689ba0ccc9","24ddc68ab605ee95857ad45b65ffa2d8",228
"a66db93c9f417a2500c24e689ba0ccc9","8f22e8ff6e2be10b6bc7e6cf7b47d782",671
"a703d6d14769d658f85a3b4c2c1ef9c7","8601d226384026acd3b7cde321bc73a9",449
"a77705ea323fdbc79f54692354ed7d34","0dd9595a06e58854b3a4f971ea729267",409
"aacdcaab42f85782dbafce7a5d26b4b1","67d36db472159fcb8c55e03a052bcb74",923
"aaf8009db19f7273ccda8d5d7488819a","046cb7a4cb27f5ba5d560c18e5233fdc",467
"aaf8009db19f7273ccda8d5d7488819a","3a84d5d56fb80259fc3812d23c60d13c",870
"ae4e20ba64f111a3be58a5d207de27bf","44fe77f3c379543a92eb1c251230a28c",681
"aea641b3cdf732fb73c71a3d55a6e8e2","4dc35fb7b4a834951495fcadb6decf54",214
"af1b08e09ce26c7efdf3f0b3f5f2934b","d840538de0ba0c58268e54a9a49f29ab",440
"b23d4c8084990d65b1904efa034881d3","3228635b89112e2c641f5e5cc44e19fe",441
"b23d4c8084990d65b1904efa034881d3","590f62b35d43821ff74fcfc5219899fd",656
"b23d4c8084990d65b1904efa034881d3","5cc1f4f1d395bb43879c3d9f9b840781",241
"b23d4c8084990d65b1904efa034881d3","68ef004de6166492c1d668eb8efe09bd",886
"b23d4c8084990d65b1904efa034881d3","8f2d58e32d065296e0ddcff5f6509a9f",258
"b23d4c8084990d65b1904efa034881d3","b2efc723490c20fd877ebb5d83afb581",434
"b23d4c8084990d65b1904efa034881d3","d53a0abaa0cbeb339cb02898fa4fbe96",1271
"b32f5fc8c4f08a0803c7844475ae422a","2661b408da2bfe8e0e62a16cf42967c3",413
"b32f5fc8c4f08a0803c7844475ae422a","578ad8e10dc4edb52ff2bd4ec9bc93a3",211
"b34c7c6fbe78d3825bd9496c54e5eeeb","4ec3b69ed63112f7e8865f1e94706f35",876
"b34c7c6fbe78d3825bd9496c54e5eeeb","abfa95082ab6ee82829ad8dc78208cea",417
"b3b2a915350053ddcaff51babbc4547d","6a7ac0ba6162781c12b49bffe496d3b9",888
"b3b2a915350053ddcaff51babbc4547d","c2a3b004d2be3825eed82e0bc93373ae",1325
"b3e36c548cb8ee25971ae534ed15a6de","3228635b89112e2c641f5e5cc44e19fe",1293
"b3e36c548cb8ee25971ae534ed15a6de","e95f770ac4fb91ac2e4873e4b2dfc0e6",1352
"b3e36c548cb8ee25971ae534ed15a6de","febe862bfdffb6fb3a5d38ffb0e09b54",223
"b46489c11cc0cf01e2f987c0237263f9","123e056ced36b8a3035e843b6e55ccf4",857
"b46489c11cc0cf01e2f987c0237263f9","99d2470a3073b4a570031f75896c6ac6",202
"b680c26b4ebbd087104c20cca189af59","0edfd99ad72057d07ca45e03a385bc65",1188
"b680c26b4ebbd087104c20cca189af59","668162d573b358f079be450220c015de",1091
"b680c26b4ebbd087104c20cca189af59","754a714804e5a436f722394a9315f8bf",870
"b680c26b4ebbd087104c20cca189af59","80c7282e623285cdd1416ef4946c69c3",671
"b680c26b4ebbd087104c20cca189af59","a60d3f9476ca191da5f215b70065a54c",230
"b680c26b4ebbd087104c20cca189af59","be3a5f655d53a898d67bbf605933432b",1055
"b82a9a13f4651e9abcbde90cd24ce2cb","15de2da11f5a03085edd110108ce3599",461
"b82a9a13f4651e9abcbde90cd24ce2cb","24dbc2b917472b089a5052b23f11f30f",437
"b82a9a13f4651e9abcbde90cd24ce2cb","39ffe3021bcad0da66bc4efc46ef0360",246
"b82a9a13f4651e9abcbde90cd24ce2cb","6e4dd7ce4ea3c1d4a90edb289e22da98",1267
"b82a9a13f4651e9abcbde90cd24ce2cb","9c0ca0cabbd78a5a02bf8447347eced5",218
"b82a9a13f4651e9abcbde90cd24ce2cb","ed63fc91500594c3086714f86b3001e4",635
"b84c8ce8dba041cef912c1116f6b7236","2bb21607cab3ea4f87a4a41ac6d22243",1046
"b84c8ce8dba041cef912c1116f6b7236","8f2d58e32d065296e0ddcff5f6509a9f",887
"ba15a18cd3a8fb567e39053022515eb6","abfa95082ab6ee82829ad8dc78208cea",419
"ba546f8d6d55634ce9106423ee4c5275","66d792ace0b334484d1c20d2b8718289",663
"baea4fe7bc58bb92f945adc385259f3e","31d325fa6fc2dc1f69110f6f2d878f04",441
"bb8c3f15e9614c0900d483f980752a9f","d840538de0ba0c58268e54a9a49f29ab",837
"bb8c3f15e9614c0900d483f980752a9f","f0e01242463f65e685bebf8a874993a4",672
"bbd8a1c8b716f90cfaf9493cbb3868dc","212631b80d2d1153eba86248e06d0ced",828
"bc28af6f750004729474ccbb403bd0ee","30fb3853072eb5f932f8bb9ce48e63a8",213
"bc28af6f750004729474ccbb403bd0ee","754a714804e5a436f722394a9315f8bf",425
"bc28af6f750004729474ccbb403bd0ee","81d6f316d169150d0e8733866c38684d",1965
"bc28af6f750004729474ccbb403bd0ee","ab31fef2cb48c49fb8b94021378dec74",209
"bc28af6f750004729474ccbb403bd0ee","e36882b115619b277b1ab19d97bb960a",1097
"bc4a4c9059dd89610dfea9f632841772","27ac674b21d20cfc5ec1762892baafeb",660
"bc4a4c9059dd89610dfea9f632841772","71fdacd5b1a48b94976ec2c4371f2413",1300
"bc4a4c9059dd89610dfea9f632841772","d840538de0ba0c58268e54a9a49f29ab",9
"bc4a4c9059dd89610dfea9f632841772","fb56916b7b11b81cd15ffe1630d4ba79",1317
"be04e966de67591bef33d62f45a65161","67d36db472159fcb8c55e03a052bcb74",458
"be1ae2eeeca8fb8302aed56fb0a6019d","835280a77b2523de1e54a476801401f9",437
"bee4deabdc3d9b9f2679c8b0184826bc","f30b7f25f10afc8546d3b1cef55f1f05",431
"c09e1b9c287441e06c593703547a81a5","08011326e9c1b2a00c3391948b1e8442",437
"c13e13da2073260c2194c15d782e86a9","5e0ef665b09100b540972f6458306aba",222
"c1f80eddea77f14650a2062dda3eb15c","5e875856361e9ad8092bf08c3ae8fe08",638
"c1f80eddea77f14650a2062dda3eb15c","7c15f9499790b3eb5014c5dd2c22a822",229
"c23fda5885f208bcb9c708cfedda191a","e7ec4c603ee70851f5266811e1d54ee5",211
"c4464d724b7dec8c7d5d58e3da24a960","19e4f8b476cd9b3e76bf1ad608df834e",683
"c4464d724b7dec8c7d5d58e3da24a960","d83891c31f08f2dbbd6e9adac9e90f97",406
"c44e1acacdf5711ffa393d32636dc596","0971aba7c51df5639ef9551c53ef283a",813
"c44e1acacdf5711ffa393d32636dc596","0d29f073d967c15a2306c8148885fad5",231
"c44e1acacdf5711ffa393d32636dc596","2bd91f5f742c602180fe230faeaf46de",694
"c44e1acacdf5711ffa393d32636dc596","3228635b89112e2c641f5e5cc44e19fe",238
"c44e1acacdf5711ffa393d32636dc596","4f926a3ab91943cda655a137b34ba61a",651
"c44e1acacdf5711ffa393d32636dc596","941ec059d4217f248e5f71166022f935",638
"c44e1acacdf5711ffa393d32636dc596","c1d650b2c90c2a2716c61d1236fb4681",650
"c44e1acacdf5711ffa393d32636dc596","d24d17e38303040df00c574b151b424a",684
"c44e1acacdf5711ffa393d32636dc596","d840538de0ba0c58268e54a9a49f29ab",420
"c4d5bf88d005a6f9667aff171cb0180f","67d36db472159fcb8c55e03a052bcb74",682
"c51c8bbd9e8c8bc49042ccd5d3e9864d","24770abfae60fdd99ec0cd4dfc3c1704",446
"c51c8bbd9e8c8bc49042ccd5d3e9864d","3ca78abbc029cb6ba1c517d9d693e469",661
"c51c8bbd9e8c8bc49042ccd5d3e9864d","9829b25a81a6f97335763c274b28525f",217
"c51c8bbd9e8c8bc49042ccd5d3e9864d","af71378b7245985acfe79adb3bc39a1a",470
"c51c8bbd9e8c8bc49042ccd5d3e9864d","e5f8ab6b1f77663357002b2ae1046d8a",255
"c51c8bbd9e8c8bc49042ccd5d3e9864d","ed63fc91500594c3086714f86b3001e4",446
"c54e140a2dd945e845759e651c934738","25a81701fbfa4a1efdf660a950c1d006",460
"c54e140a2dd945e845759e651c934738","56c052be7cc218dbc1a4092a9db64c50",929
"c54e140a2dd945e845759e651c934738","754a714804e5a436f722394a9315f8bf",257
"c54e140a2dd945e845759e651c934738","7fd9a94f143d2bd19e98b3844a45d3ac",417
"c54e140a2dd945e845759e651c934738","bf495fc048d8d44b7f32536df5cf3930",657
"c54e140a2dd945e845759e651c934738","e7886e89ce5aaf4286357763e975b982",1339
"c5a7f95c1a224da16f9926a72d4e28a7","692ea45151430cc7da683a463fe39ca5",846
"c668c28c93c0329c208c37de8b2a88c6","221b40a5ea9862d0d7fb4c09796d9ab1",645
"c75c2126061533bfc8ab3ae291e7e849","598df6ec119ce94bc25b3df5a75a2f20",232
"c774b54b522de81f27f1db95c5c41bb7","2042101ac1f6e7741bfe43f3672e6d7c",208
"c774b54b522de81f27f1db95c5c41bb7","43a81fd53e69a494f745719de0892376",215
"c774b54b522de81f27f1db95c5c41bb7","c0907128ec00b769ee486df096b861b6",882
"c92b57f3272dbb49fe74b7304bc20fde","0d2d8839e6d45edcb49b1627c676ea13",1340
"c92b57f3272dbb49fe74b7304bc20fde","b6b0a0c468b75b4fe18ecd6e18e7d374",669
"cb788bb1d6b26d1a05ed614941bc7771","bc28af6f750004729474ccbb403bd0ee",454
"cb788bb1d6b26d1a05ed614941bc7771","e1561a8f63e124e66b1a4db037ccc100",440
"cbb1557ced2ce010fa4cbadbaf5827d4","f2b0c941386d021c0b41e97811517411",466
"cbc19b07662418d5f14cc55657295924","7013dd8caf235788ddedee06ff8ad0ed",682
"cbc19b07662418d5f14cc55657295924","ae309fa27ce15bd22d347965c7ab806c",220
"cbc19b07662418d5f14cc55657295924","cdb6de50014c1e696f4b8c0c3fb0f708",900
"cc2f410031aea40769918b7adb73a696","0f5b2f91cd5952a124b1a03c4f2c4b19",648
"cc2f410031aea40769918b7adb73a696","591a48896557962ce617d30b10c150bd",429
"cc2f410031aea40769918b7adb73a696","67d36db472159fcb8c55e03a052bcb74",226
"cca17d86a631047538f816b2dd5306cc","2a6707b6b439cbb234bd95047cc34a3b",434
"cd9c358d567d5e8633aa923ce3152e92","59830e37ce261d31ad0da0d5d270d0e1",835
"ce2f3a5579d231b3b8f8b9e5fc46d361","e6892602a984c21896885135147205c6",888
"ce464052284612a2f064cbe8234e9621","f73dde2d8c7879ae8d1fcdc03c4ffebc",654
"cef52e4251b1b52e1da23854efbb0849","b6b0a0c468b75b4fe18ecd6e18e7d374",407
"cfceb6c4d64113e350956fb99414416e","60e4103e0ab75148ccc6c9c8e0e224ba",420
"cfceb6c4d64113e350956fb99414416e","f7666258e8b6fd98e26161a43a7be7f3",820
"d0f59baadadd3349e4a9b2674bcceae8","96a349fa5e3141731d7638ac2226468b",421
"d0f7423e6e494bbabdbd1039696d474a","3d7485486e07487a43f99cffe0a0b696",12
"d152efa3e0f22ed9b66f95592b58a20e","193cfc9be3b995831c6af2fea6650e60",449
"d152efa3e0f22ed9b66f95592b58a20e","72626c2e45e149d005a0d408e80dcfea",198
"d152efa3e0f22ed9b66f95592b58a20e","77579f4c10859db3852ba811b77a9888",1066
"d2036b2c992459a7c0d447db6cb77966","668162d573b358f079be450220c015de",652
"d2036b2c992459a7c0d447db6cb77966","81d6f316d169150d0e8733866c38684d",886
"d2036b2c992459a7c0d447db6cb77966","de7b8fdc57c8a948bc0cf52b31b617f3",219
"d226e6d6d60e7994ecb62fc7ca77464c","59830e37ce261d31ad0da0d5d270d0e1",439
"d3bae70c9d49bb7cb5a74cdd0eae7fc4","08011326e9c1b2a00c3391948b1e8442",222
"d3facf360f0b4f2d570c093e7e130210","472a15a57fdecd29c72a0224f2069582",882
"d3facf360f0b4f2d570c093e7e130210","4f6ec68ae65123ed9fadd77c07ca8126",229
"d3facf360f0b4f2d570c093e7e130210","a60d3f9476ca191da5f215b70065a54c",419
"d3facf360f0b4f2d570c093e7e130210","cbfc7528b1d7246b81d7b70f63fa0376",222
"d3facf360f0b4f2d570c093e7e130210","dbe1b614a066c9b2bb3d1f5127a9b43c",219
"d3facf360f0b4f2d570c093e7e130210","dfbc73f307fa54be151d36fd3035b55c",852
"d41219060e0c16c228ed4682cade6379","0674fba73a2e6914ea9b1fc55130bb81",226
"d41219060e0c16c228ed4682cade6379","776d7462228192a13185b580b91e5e6e",218
"d5217991a5c7374b110deb03905676f7","262031397020fd8df478ec13b4b096c5",10
"d5217991a5c7374b110deb03905676f7","aaa896a80d3f16afd5cdcc0c44a95d17",668
"d52e32f3a96a64786814ae9b5279fbe5","12de7b976c6074b2685f1378d7df8c65",642
"d52e32f3a96a64786814ae9b5279fbe5","1561da775579aeed13a3cc97040bf352",1105
"d52e32f3a96a64786814ae9b5279fbe5","17e76ab92ac9d69d0576640d066dd3b1",1099
"d52e32f3a96a64786814ae9b5279fbe5","3aa4584e547efba20238772d4af5c03d",672
"d52e32f3a96a64786814ae9b5279fbe5","6c1f7ff838a756da57a1e81977744191",1036
"d52e32f3a96a64786814ae9b5279fbe5","85dd070c26938d7a4184269c6ddacd1f",843
"d52e32f3a96a64786814ae9b5279fbe5","941ec059d4217f248e5f71166022f935",446
"d52e32f3a96a64786814ae9b5279fbe5","a400f0ab6d0461f5c0094fc7927d283c",699
"d52e32f3a96a64786814ae9b5279fbe5","ce1350f6dd4753d30bae90098c50cd89",658
"d52e32f3a96a64786814ae9b5279fbe5","d8f7de479b1fae3d85d341f380524de5",417
"d52e32f3a96a64786814ae9b5279fbe5","fd3295e0d701cf0fb1a7c0cd7aaca998",840
"d54b3c8fcd5ba07e47b400e69a287966","3228635b89112e2c641f5e5cc44e19fe",666
"d54d8cd108392da80f26e065ffe0fe58","0971aba7c51df5639ef9551c53ef283a",488
"d54d8cd108392da80f26e065ffe0fe58","387316d0d18d75aefa50ad1cadc39742",397
"d6460d863cc7403c4d48eb8682d87784","a0a1e71392fc13041b04f743c6727ca2",222
"d764afef638302d6579ce78222a92818","1844e5d4d02f177e9380a3935a2b0b05",1332
"d764afef638302d6579ce78222a92818","1de6647f72fe23f908e815385dd6a28a",471
"d764afef638302d6579ce78222a92818","2dbdda3537f4e1004f4c5ddeaefd05e4",434
"d764afef638302d6579ce78222a92818","56c052be7cc218dbc1a4092a9db64c50",866
"d764afef638302d6579ce78222a92818","69c9d1d2794954143285907d015d0050",685
"d764afef638302d6579ce78222a92818","91c18a5dec9cf1fbb20ffffd101409cd",441
"d764afef638302d6579ce78222a92818","9c0ca0cabbd78a5a02bf8447347eced5",10
"d764afef638302d6579ce78222a92818","a122fdd9928175ce2e15b670bf62c86c",440
"d764afef638302d6579ce78222a92818","f5ce9e493cb796c328de3d3212162d06",8
"d7ed9d7159a4ee762f8b8fbd646efe9e","06f6d22615c6f242d0fa56bc43d6de4a",657
"d7ed9d7159a4ee762f8b8fbd646efe9e","551898bddbaf1285c67adc6b2f6d8ffb",427
"d7ed9d7159a4ee762f8b8fbd646efe9e","8f22e8ff6e2be10b6bc7e6cf7b47d782",637
"d80517c8069d7702d8fdd89b64b4ed3b","6d69689d0056a27bce65398abc70297a",1462
"d80517c8069d7702d8fdd89b64b4ed3b","b6b0a0c468b75b4fe18ecd6e18e7d374",195
"d8ea48bc5a82a9fd6b80f70dd51fc30c","75002fe48442a02a55971f48cebbe3e4",828
"d92c25d41fcd9f8ab35545ef34b1e7ed","1a79a39f343f2224748ec987ccf8431f",859
"da64a1bc2c9a53dd1cdb6846103cd2de","15de2da11f5a03085edd110108ce3599",468
"db05833c29e688b5ab54d5e8608a72ec","c0907128ec00b769ee486df096b861b6",440
"db09f3aa4a90844ce11572a32cce0b61","bdcd533a3408159824c857c56364bc3a",902
"db320f93ead463e1a2faee198cd9a122","0d2d8839e6d45edcb49b1627c676ea13",218
"db320f93ead463e1a2faee198cd9a122","1515960435c336515e9dca50c0f0df07",1042
"db320f93ead463e1a2faee198cd9a122","2042101ac1f6e7741bfe43f3672e6d7c",419
"db320f93ead463e1a2faee198cd9a122","4a29aa2e60fa22b5c83e07a5cefadcd7",452
"db320f93ead463e1a2faee198cd9a122","67d36db472159fcb8c55e03a052bcb74",858
"db320f93ead463e1a2faee198cd9a122","7c15f9499790b3eb5014c5dd2c22a822",215
"db320f93ead463e1a2faee198cd9a122","dbd3b8dbebda109a62d0007d36138ad6",891
"db6017bd1f27118d44083a172a82409f","b5df36ac79aa6391ffb432b9e5ad7880",654
"db6017bd1f27118d44083a172a82409f","b6757cdd9fc3411b298625530497bf8b",895
"dbaf60f3a397e1d27630a459c1700ea7","06ec9b882ad1602e1461e2d870a05e8e",225
"dbaf60f3a397e1d27630a459c1700ea7","668162d573b358f079be450220c015de",647
"dbaf60f3a397e1d27630a459c1700ea7","dce0d99515076c6a24e246952d635fc7",629
"dce0d99515076c6a24e246952d635fc7","f94e25a141fb0525bb8f9282aeb4a8a9",874
"ddd11c7832824d508a1a495949fff4b5","31dd6eee9afc313a56294644277301c6",205
"ddd11c7832824d508a1a495949fff4b5","9a28a344c6922678a619e3bd512238f3",470
"ddd11c7832824d508a1a495949fff4b5","c4163e30f720ca064b8aabf7c95408fb",851
"ddd11c7832824d508a1a495949fff4b5","e374e28a5e0e656af6b1d7e2f25e8b2c",422
"dfeacdebdd52607b78a0eca093c2ed7a","24e0fc0bb2a4ee3e9639d5415668867f",459
"dfeacdebdd52607b78a0eca093c2ed7a","43d3fab02bc348e1d75070c98be1efe4",679
"dfeacdebdd52607b78a0eca093c2ed7a","7013dd8caf235788ddedee06ff8ad0ed",242
"dfeacdebdd52607b78a0eca093c2ed7a","a863b870e878cbf52506af07bf162271",832
"dfeacdebdd52607b78a0eca093c2ed7a","a97fedbce30ecfbc5f77f23789b0ee00",471
"dfeacdebdd52607b78a0eca093c2ed7a","b3cd9344dad3ff77b4fd532b70660aa2",1386
"dfeacdebdd52607b78a0eca093c2ed7a","b69c3fdf7fb0a995215cff01aa7ae5fc",212
"dfeacdebdd52607b78a0eca093c2ed7a","da4660701a8f38bf4956342c95d87d21",445
"dfeacdebdd52607b78a0eca093c2ed7a","fb56916b7b11b81cd15ffe1630d4ba79",1289
"dfee9e39474b6e292d66c7facba668e1","b17489f4b0c05de0057148da6b0615a4",206
"dfee9e39474b6e292d66c7facba668e1","fdc0bc91363fee96b979243b648bda11",1088
"e0ad20e39895b41bf993c4e044ae3734","e6892602a984c21896885135147205c6",220
"e1229bab1c271d1f1796cb0c52ab9933","6252d6e4aef4917a48e2660a821732e3",215
"e1a118c9178aa3538f39a9c8131938ed","2ea8d59aed4d99c0c259e6a6e73afc51",909
"e1f6a14cd07069692017b53a8ae881f6","0927b0b8a7a95b5f02808e24b954e3e3",899
"e1f6a14cd07069692017b53a8ae881f6","0f5b2f91cd5952a124b1a03c4f2c4b19",669
"e1f6a14cd07069692017b53a8ae881f6","3249d5e7755d4468485460b09fd82808",184
"e1f6a14cd07069692017b53a8ae881f6","3aa4584e547efba20238772d4af5c03d",611
"e1f6a14cd07069692017b53a8ae881f6","3ca78abbc029cb6ba1c517d9d693e469",702
"e1f6a14cd07069692017b53a8ae881f6","55c4503a0fe99484937a0bc2ce9f7fac",230
"e1f6a14cd07069692017b53a8ae881f6","59830e37ce261d31ad0da0d5d270d0e1",690
"e1f6a14cd07069692017b53a8ae881f6","7013dd8caf235788ddedee06ff8ad0ed",223
"e1f6a14cd07069692017b53a8ae881f6","af1b08e09ce26c7efdf3f0b3f5f2934b",667
"e1f6a14cd07069692017b53a8ae881f6","bb8efcd4ab24730b7cd34e88ac390878",436
"e1f6a14cd07069692017b53a8ae881f6","bc28af6f750004729474ccbb403bd0ee",653
"e1f6a14cd07069692017b53a8ae881f6","e90dfb84e30edf611e326eeb04d680de",1277
"e30470ae2226896865b9c6b56a0f85d5","5e4f5f9dcb97db3bf3c9093f518fade4",891
"e355ec3b68d0fffc37d181f2da9d2fa3","387316d0d18d75aefa50ad1cadc39742",200
"e355ec3b68d0fffc37d181f2da9d2fa3","d46ddb287552508c0c54b94c7dec1628",905
"e39e74fb4e80ba656f773669ed50315a","2814b913a174b4b59397203c6d636c3e",248
"e39e74fb4e80ba656f773669ed50315a","325ba0be16b1db8711e860e8d0c91542",678
"e39e74fb4e80ba656f773669ed50315a","3c31a642927cf90adfce8e94bc3ab80e",427
"e39e74fb4e80ba656f773669ed50315a","835280a77b2523de1e54a476801401f9",458
"e39e74fb4e80ba656f773669ed50315a","91b1adec3bc27df33b93816a60f08d6d",879
"e39e74fb4e80ba656f773669ed50315a","94e8a499539d1a472f3b5dbbb85508c0",1302
"e39e74fb4e80ba656f773669ed50315a","b6b0a0c468b75b4fe18ecd6e18e7d374",634
"e39e74fb4e80ba656f773669ed50315a","be914761c3992cea62c309a37d2cd923",472
"e39e74fb4e80ba656f773669ed50315a","d840538de0ba0c58268e54a9a49f29ab",503
"e39e74fb4e80ba656f773669ed50315a","e9fb9bdbd0aee1f695528b25009f9a84",631
"e39e74fb4e80ba656f773669ed50315a","f77e4c9919ad12dd8de11a59f9dbbad0",846
"e5f6c83e6e97c74fc9e9760fc8972aed","a863b870e878cbf52506af07bf162271",901
"e6ac6d290a0f25518ae5f1632ba68bfc","212631b80d2d1153eba86248e06d0ced",433
"e6ac6d290a0f25518ae5f1632ba68bfc","e518dd61489a203496f3555e22cdabd0",220
"e6ac6d290a0f25518ae5f1632ba68bfc","eaff692e84900d6b0999355abb0f3e43",461
"e6ac6d290a0f25518ae5f1632ba68bfc","eba4b32b250024e91314f2c6a892e50a",416
"e6e30c037d0b75caa94827ead86b4edf","c1d650b2c90c2a2716c61d1236fb4681",1251
"e81389520e468970fa1d3e5dc95fb41f","3882a94c64066370fa15aa4d8fec006b",236
"e8b579fe36f15209c6f167396a46b04e","1109e2cb3395d0106c8d57040f8f43c4",195
"e8b579fe36f15209c6f167396a46b04e","62e0cce88cf77122f73cdfc7ce8a14de",435
"e8b579fe36f15209c6f167396a46b04e","910101318275914a9f141d4e255bf8c8",661
"e8b579fe36f15209c6f167396a46b04e","d52e32f3a96a64786814ae9b5279fbe5",236
"e8b579fe36f15209c6f167396a46b04e","f2b0c941386d021c0b41e97811517411",240
"e9968202632fc5037d9ba7ba9dbfea5f","15de2da11f5a03085edd110108ce3599",853
"eb8bd69e70724255f4a89b18f2b7852a","1515960435c336515e9dca50c0f0df07",1075
"ec8b63c05f999a15a8c8567002a560a8","0feb54b11116ae3406404306ea4cf03d",426
"ec8b63c05f999a15a8c8567002a560a8","3ccf74d463f8895cef06727cb9709d83",920
"ec8b63c05f999a15a8c8567002a560a8","56c052be7cc218dbc1a4092a9db64c50",225
"ec8b63c05f999a15a8c8567002a560a8","b9f70cbb473c65c19063cc40e14be4c4",436
"eca8a333da0c21dfccd2b15d33e01d5d","25a81701fbfa4a1efdf660a950c1d006",442
"eca8a333da0c21dfccd2b15d33e01d5d","c72064ec07f748d0db817614e87a33a8",679
"ee17dc479d8eb9848d89de4ae67b526d","2a6707b6b439cbb234bd95047cc34a3b",1324
"ee17dc479d8eb9848d89de4ae67b526d","38779783dcaaaabd1cdd9d3459c8c71d",666
"ee17dc479d8eb9848d89de4ae67b526d","3c31a642927cf90adfce8e94bc3ab80e",660
"ee17dc479d8eb9848d89de4ae67b526d","54cc3d7575c58be9079eb4528ca26bb5",667
"ee17dc479d8eb9848d89de4ae67b526d","91ff46dd60dd9a52eee2c74f9c9b7ec0",236
"ee17dc479d8eb9848d89de4ae67b526d","b32b1b822dd59451b17b08f97fdfe81e",423
"ee17dc479d8eb9848d89de4ae67b526d","f00a5998c29601848a83c00a8296d8e4",1466
"ee17dc479d8eb9848d89de4ae67b526d","f77e4c9919ad12dd8de11a59f9dbbad0",220
"eebaf46cc5c9e6ab2c5db982f8c04d08","3c31a642927cf90adfce8e94bc3ab80e",452
"eebaf46cc5c9e6ab2c5db982f8c04d08","8601d226384026acd3b7cde321bc73a9",224
"eebaf46cc5c9e6ab2c5db982f8c04d08","e95f770ac4fb91ac2e4873e4b2dfc0e6",866
"f00a5998c29601848a83c00a8296d8e4","23952e34077c3011a4dfd6b86e19600e",225
"f00a5998c29601848a83c00a8296d8e4","6e4dd7ce4ea3c1d4a90edb289e22da98",222
"f00a5998c29601848a83c00a8296d8e4","7a3b015f4c73bf6ab77d02dffef3420a",861
"f00a5998c29601848a83c00a8296d8e4","7fe70fef470fcc46826966e201147015",653
"f03bcc45c56d9bea12ef3df075b345ba","72b20cda8130b6d38994e45882701d3d",1358
"f1adb3bbdb727fcc7c4e4f355084c70a","e95f770ac4fb91ac2e4873e4b2dfc0e6",663
"f1cd318e412b5f7226e5f377a9544ff7","0971aba7c51df5639ef9551c53ef283a",419
"f1cd318e412b5f7226e5f377a9544ff7","0fba5bec5f174b6aeeb984b01788ad04",651
"f1cd318e412b5f7226e5f377a9544ff7","79a5dd2cab723af45b9b2cfdb4cf9c83",429
"f1cd318e412b5f7226e5f377a9544ff7","c36625d53c05dff90990a0ee5d355bfd",215
"f311f079854661d7b4c0e8222a70c420","a60d3f9476ca191da5f215b70065a54c",876
"f3860a47ba2aa602debe65f10e01cf1a","1515960435c336515e9dca50c0f0df07",216
"f3860a47ba2aa602debe65f10e01cf1a","23d485925206d87637c3658998e6163c",900
"f455c402cdcd2021d2b2f4d0f2e91816","43839bb04faa1aee37520d05ee890fdb",213
"f5c3ac4cbf092a063786243913a4c139","ee8873aaffa96fb781ef85b25fc51dd9",723
"f73dde2d8c7879ae8d1fcdc03c4ffebc","d1d89ac209ece9cbc7c5d5680de051a4",682
"f73dde2d8c7879ae8d1fcdc03c4ffebc","d52e32f3a96a64786814ae9b5279fbe5",11
"f73dde2d8c7879ae8d1fcdc03c4ffebc","e95f770ac4fb91ac2e4873e4b2dfc0e6",1053
"f83cec7cff0604fac65017cf55c09f7e","3eab9b97def0e8619ab357f4f455b401",435
"f87567f2159b425795ebb7ba9bc406ec","551898bddbaf1285c67adc6b2f6d8ffb",643
"f87567f2159b425795ebb7ba9bc406ec","c1bdcc7d5b47d60286c6c12b9d2e89da",12
"f87567f2159b425795ebb7ba9bc406ec","dbd3b8dbebda109a62d0007d36138ad6",204
"f87567f2159b425795ebb7ba9bc406ec","e32ec0769c5797e60f72be56230a8a85",894
"f9dc77cece7fa16f6edd2d1d64853e4b","897356954c2cd3d41b221e3f24f99bba",419
"f9dc77cece7fa16f6edd2d1d64853e4b","b32b1b822dd59451b17b08f97fdfe81e",850
"f9dc77cece7fa16f6edd2d1d64853e4b","be3a5f655d53a898d67bbf605933432b",444
"fa5d0f4d775a48ec968a662a7890ce3b","387316d0d18d75aefa50ad1cadc39742",641
"fb5188de5cdde0cba0ba43097c8def5b","e4cf15e3b48c66994ee2904a0ec45a8f",1070
"fb5188de5cdde0cba0ba43097c8def5b","e95f770ac4fb91ac2e4873e4b2dfc0e6",872
"fdcb1d201b0bbccbac554bdcd42147d9","19e4f8b476cd9b3e76bf1ad608df834e",621
"fdcb1d201b0bbccbac554bdcd42147d9","999a06f28346262ef9e1699d9fc1ab56",878
"fdcb1d201b0bbccbac554bdcd42147d9","d840538de0ba0c58268e54a9a49f29ab",1084
"ff572bd04aea4ced0159d7e9efedd625","6ea1e24d60afddf388b06f8243c45b70",425
"ff8f3b2601338785ba30ac26188290df","5b5053ac7b3b10213690427e0168e7d7",621
